seller_id,orders,items,revenue,avg_item_price,avg_review_score,avg_delivery_delay_days
4869f7a5dfa277a7dca6462dcf3b52b2,1124,1148,226987.93,197.72467770034842,4.139473684210526,-10.453161093366885
53243585a1d6dc2643021fd1853d8905,348,400,217940.44,544.8511,4.128140703517588,-10.877353877314814
4a3ca9315b744ce9f8e9374361493884,1772,1949,196882.12,101.01699332991278,3.828230409963674,-8.954641476873231
fa1c13f2614d7b5c4749cbc52fecda94,578,579,190917.14,329.7359930915371,4.373913043478261,-9.612764284686241
7c67e1448b00f6e969d365cea6b010ab,973,1355,186570.05,137.69007380073802,3.3474387527839644,-10.832569692155255
7e93a43ef30c4f03f38b393420bc753a,319,322,165981.49,515.4704658385093,4.364485981308412,-11.485530574246607
da8622b14eb17ae2831f4ac5b9dab84a,1311,1548,159816.87,103.24087209302326,4.067769130998703,-10.527562588226147
7a67c85e85bb2ce8582c35f2203ad736,1145,1155,139658.69,120.91661471861472,4.268090671316478,-11.160568793089626
1025f0e2d44d7041d6cf58b6550e0bfa,910,1420,138208.56,97.32997183098591,3.8693181818181817,-10.38877201519301
955fee9216a65b617aa5c0531780ce60,1261,1472,131836.71,89.56298233695652,4.088235294117647,-9.62667488331572
46dc3b2cc0980fb8ec44634e21d2718e,503,523,122811.38,234.82099426386233,4.263565891472868,-11.481784863855252
6560211a19b47992c3666cc44a7e94c0,1819,1996,120702.83,60.47235971943888,3.950480040424457,-11.010434323508127
620c87c171fb2a6dd6e8bb4dec959fc6,722,778,112461.5,144.55205655526993,4.26797385620915,-13.06102284763877
7d13fca15225358621be4086e1eb0964,558,571,112436.18,196.91099824868652,4.017605633802817,-10.292240971816826
5dceca129747e92ff8ef7a997dc4f8ca,322,343,111126.73,323.9846355685131,4.017699115044247,-10.614433882680055
1f50f920176fa81dab994f9023523100,1399,1926,106655.71,55.37679646936656,3.9924400417101147,-10.125605265182108
cc419e0650a3c5ba77189a1882b7556a,1651,1719,101090.96,58.80800465386853,4.141885325558795,-12.346171284176847
a1043bafd471dff536d0c462352beb48,702,752,99309.23,132.06014627659573,4.246666666666667,-11.79888185517632
3d871de0142ce09b7081e2b9d1733cb1,1064,1131,93407.4,82.58832891246685,4.150134048257373,-12.402298246798965
edb1ef5e36e0c8cd84eb3c9b003e486d,165,174,79144.9,454.85574712643677,4.454022988505747,-12.843339053852704
ccc4bbb5f32a6ab2b7066a4130f114e3,184,189,72926.72,385.8556613756614,4.319148936170213,-16.1751665074466
f7ba60f8c3f99e7ee4042fdef03b70c4,218,229,68070.0,297.2489082969432,4.218340611353712,-8.449990194889212
fe2032dab1a61af8794248c8196565c9,293,305,65689.71,215.37609836065573,4.395348837209302,-10.39319193989071
8581055ce74af1daba164fdbd55a40de,380,427,64011.22,149.90918032786885,4.265258215962441,-8.521233888671535
cca3071e3e9bb7d12640c9fbe2301306,699,817,63035.16,77.15441860465117,3.885,-14.623618789383018
04308b1ee57b6625f47df1d56f00eedf,92,92,58991.8,641.2152173913043,3.9456521739130435,-10.881928844605476
522620dcb18a6b31cd7bdf73665113a9,172,178,56690.49,318.4858988764045,3.914285714285714,-13.37950146951727
de722cd6dad950a92b7d4f82673f8833,337,377,55126.3,146.2236074270557,4.167553191489362,-15.417194438304351
37be5a7c751166fbc5f8ccba4119e043,269,278,54735.55,196.89046762589928,4.323636363636363,-12.85090111244338
17e34d8224d27a541263c4c64b11a56b,247,260,54440.28,209.3856923076923,4.2015503875969,-10.149421251780627
7ddcbb64b5bc1ef36ca8c151f6ec77df,325,334,54435.66,162.98101796407187,3.9773413897280965,-9.439895521457085
25c5c91f63607446a97b143d2d535d31,156,266,54208.78,203.79240601503759,3.7339622641509433,-11.269637635756057
218d46b86c1881d022bce9c68a7d4b15,382,420,53710.3,127.88166666666666,4.173444976076555,-11.041245232583774
ceaec5548eefc6e23e6607c5435102e7,198,206,51478.18,249.8940776699029,4.201970443349754,-14.534746100773104
f5a590cf36251cf1162ea35bef76fe84,113,118,51232.78,434.17610169491525,4.279661016949152,-10.347347182988074
e882b2a25a10b9c057cc49695f222c19,57,58,51057.54,880.3024137931035,4.586206896551724,-18.299718031609196
2bf6a2c1e71bbd29a4ad64e6d3c3629f,30,31,50628.9,1633.1903225806452,4.193548387096774,-14.045303166069296
f8db351d8c4c4c22c6835c19a46f01b0,659,714,50082.6,70.1436974789916,4.253164556962025,-11.034058398822491
b2ba3715d723d245138f291a6fe42594,324,350,49302.18,140.86337142857144,4.204610951008646,-9.364423908730158
17f51e7198701186712e53a39c564617,56,61,48019.0,787.1967213114754,4.344262295081967,-11.590698998178507
8160255418d5aaa7dbdc9f4c64ebda44,380,424,46368.39,109.35941037735849,3.8544152744630074,-6.833375234757163
966cb4760537b1404caedd472cc610a5,67,67,45928.26,685.4964179104478,4.119402985074627,-14.800268449419569
77530e9772f57a62c906e1c21538ab82,312,381,45676.6,119.88608923884514,4.081364829396326,-10.197883159570331
4e922959ae960d389249c378d1c939f5,412,446,45338.42,101.65565022421525,3.9027149321266967,-12.350465921358579
850f4f8af5ea87287ac68de36e29107f,186,191,45285.37,237.0961780104712,4.288770053475936,-14.086754350882297
c826c40d7b19f62a09e2d7c5e7295ee2,346,365,44653.04,122.33709589041096,4.09065934065934,-9.174546454845256
b33e7c55446eabf8fe1a42d037ac7d6d,149,152,44215.17,290.88927631578946,4.190789473684211,-10.598832160696881
ba90964cff9b9e0e6f32b23b82465f7b,38,38,44212.5,1163.4868421052631,4.421052631578948,-11.294222709551656
eeb6de78f79159600292e314a77cbd18,82,83,43510.84,524.2269879518072,4.421686746987952,-16.228666331994646
c3cfdc648177fdbbbb35635a37472c53,278,307,43048.18,140.22208469055374,4.447712418300654,-15.629606142176378
4d6d651bd7684af3fffabd5f08d12e5a,363,389,42999.0,110.53727506426735,4.201030927835052,-12.323078792963916
b839e41795b7f3ad94cc2014a52f6796,33,36,42829.0,1189.6944444444443,4.027777777777778,-12.591988811728395
e9779976487b77c6d4ac45f75ec7afe9,645,738,42229.69,57.22180216802168,4.204081632653061,-9.113191417620195
17a053fcb14bd219540cbde0df490be0,124,148,40353.24,272.657027027027,4.226027397260274,-9.417689720970971
d91fb3b7d041e83b64a00a3edfb37e4f,524,525,39926.39,76.05026666666667,4.140754958413308,-11.995907782186949
834f3294fba9f932f56edc879193f925,66,66,39907.5,604.6590909090909,4.545454545454546,-8.804236987934905
391fc6631aebcf3004804e51b40bcf1e,521,605,39475.3,65.24842975206612,3.9791666666666665,-11.026021082032445
712e6ed8aa4aa1fa65dab41fed5737e4,77,85,39385.0,463.3529411764706,3.4642857142857144,-9.105142429193899
634964b17796e64304cadf1ad3050fb7,265,323,39114.1,121.09628482972136,3.873065015479876,-9.623102640178878
2eb70248d66e0e3ef83659f71b244378,187,197,38990.72,197.92243654822335,2.806701030927835,-9.404752303064486
7142540dd4c91e2237acb7e911c4eba2,316,328,37181.94,113.35957317073171,4.061349693251533,-13.146901500395213
7178f9f4dd81dcef02f62acdf8151e01,202,215,36795.4,171.14139534883722,4.046728971962617,-17.94431088501292
ea8482cd71df3c1969d7b9473ff13abc,1132,1188,36696.76,30.88952861952862,3.983065198983912,-9.39356007996633
59417c56835dd8e2e72f91f809cd4092,18,18,36459.0,2025.5,4.277777777777778,-20.60727944958848
c70c1b0d8ca86052f45a432a38b73958,260,336,36289.15,108.00342261904763,4.315315315315315,-8.400701919367284
06a2c3af7b3aee5d69171b0e14f0ee87,389,402,36097.98,89.79597014925373,4.022784810126582,-10.549368003731344
c3867b4666c7d76867627c2f7fb22e21,228,241,34666.9,143.8460580912863,4.01673640167364,-9.219002084293837
7299e27ed73d2ad986de7f7c77d919fa,335,358,34107.44,95.27217877094972,4.430167597765363,-11.954854903786469
e9bc59e7b60fc3063eb2290deda4cced,209,260,33543.69,129.0141923076923,4.0346153846153845,-13.286736066595441
1835b56ce799e6a4dc4eddc053f04066,417,551,33005.32,59.900762250453724,3.6174311926605505,-10.101546220676212
5c243662ce92d84573bfaff24c3e3700,98,100,32862.02,328.6202,4.1313131313131315,-13.102398263888889
dbc22125167c298ef99da25668e1011f,394,417,32829.12,78.72690647482014,4.274038461538462,-13.172510935695888
9c0e69c7bf2619675bbadf47b43f655a,151,200,32720.4,163.602,4.090909090909091,-7.447979166666666
2528513dd95219a6013d4d05176e391a,160,166,32660.2,196.74819277108435,3.96319018404908,-11.587752537929497
76d5af76d0271110f9af36c92573f765,128,155,31944.6,206.0941935483871,4.097402597402597,-11.80250888590203
70eea00b476a314817cefde4aad4f89a,106,112,31424.75,280.578125,4.378378378378378,-11.542653666501323
0241d4d5d36f10f80c644447315af0bd,238,246,31397.7,127.6329268292683,4.3061224489795915,-12.307867218081903
88460e8ebdecbfecb5f9601833981930,246,300,31320.4,104.40133333333333,3.37123745819398,-10.288452199074074
7681ef142fd2c19048da7430856b5588,58,76,31211.81,410.6817105263158,4.162162162162162,-8.778012305068225
87142160b41353c4e5fca2360caf6f92,305,339,31095.98,91.72855457227139,4.362426035502959,-14.291638363104992
855668e0971d4dfd7bef1b6a4133b41b,300,311,30849.22,99.19363344051447,3.8306188925081432,-8.330131594617125
e59aa562b9f8076dd550fcddf0e73491,69,82,30716.3,374.5890243902439,4.329268292682927,-11.64917852303523
70a12e78e608ac31179aea7f8422044b,312,323,29963.53,92.766346749226,3.794392523364486,-9.784291294002982
53e4c6e0f4312d4d2107a8c9cddf45cd,463,512,29587.77,57.78861328125,4.080392156862745,-12.724527429651332
d23019c84ffae2d5ef2270367b8605fc,39,39,29205.1,748.848717948718,4.410256410256411,-13.660917913105413
1554a68530182680ad5c8b042c3ab563,246,267,28979.64,108.53797752808988,4.2679245283018865,-13.088390856914968
900ba814c251a692506d7834c1218441,86,86,28833.03,335.2677906976744,4.226190476190476,-7.883672076873385
0b90b6df587eb83608a64ea8b390cf07,163,209,28492.76,136.328995215311,4.016826923076923,-17.622638833510543
59b22a78efb79a4797979612b885db36,125,133,27184.5,204.39473684210526,3.9696969696969697,-9.587488425925926
d1c281d3ae149232351cd8c8cc885f0d,214,239,26833.61,112.27451882845189,3.7974683544303796,-10.848508300402914
b32be1695eb7ec5f10f72d9610a12527,44,45,26575.0,590.5555555555555,4.159090909090909,-13.068261059670782
12b9676b00f60f3b700e83af21824c0e,133,133,26376.0,198.31578947368422,4.537878787878788,-20.567278613199665
a3a38f4affed601eb87a97788c949667,251,260,26294.62,101.13315384615385,4.403100775193798,-14.014382968304844
7e1fb0a3ebfb01ffb3a7dae98bf3238d,155,169,26169.53,154.8492899408284,4.155688622754491,-10.121788845058076
de23c3b98a88888289c6f5cc1209054a,161,178,25933.67,145.69477528089888,4.314606741573034,-9.887967254473574
9f505651f4a6abe901a56cdc21508025,393,426,25912.84,60.828262910798124,4.305687203791469,-10.328959229916537
16090f2ca825584b5a147ab24aa30c86,398,406,25579.16,63.002857142857145,4.07196029776675,-8.93851181923919
b94cc9f10ddc85e4ba73a6f7974e7101,39,39,25346.1,649.9,4.297297297297297,-11.940353157644825
a416b6a846a11724393025641d4edd5e,157,176,24930.24,141.64909090909092,4.215909090909091,-9.907479679608587
c003204e1ab016dfa150abc119207b24,195,200,24904.29,124.52145,4.44,-10.890314872685185
1c68394e931a64f90ea236c5ea590300,142,171,24832.75,145.22076023391813,3.9298245614035086,-14.713594460688759
f62d7bb4a613ec758a03342d46b580b2,32,32,24665.0,770.78125,4.375,-9.018179976851853
1900267e848ceeba8fa32d80c1a5f5a8,406,523,24639.57,47.11198852772466,3.878640776699029,-9.400101975780752
001cca7ae9ae17fb1caed9dfb1094831,195,234,24487.03,104.64542735042735,3.965367965367965,-12.569366245251661
b37c4c02bda3161a7546a4e6d222d5b2,4,15,24075.0,1605.0,1.4,-5.470560185185185
dc4a0fc896dc34b0d5bfec8438291c80,225,242,23655.98,97.75198347107438,3.8161157024793386,-10.79677456382002
2b3e4a2a3ea8e01938cabda2a3e5cc79,52,54,23629.15,437.57685185185187,4.388888888888889,-11.257406121399177
40db9e9aa57f7bb151bcda6b0f9bdbb7,12,12,23168.0,1930.6666666666667,2.3636363636363638,-14.727022569444445
612170e34b97004b3ba37eae81836b4c,107,110,23065.02,209.682,4.427272727272728,-17.67843928872054
7b0df942f46435babab05d49b744b2c4,32,32,22600.63,706.2696875,4.387096774193548,-10.23301685474537
1a3df491d1c4f1589fc2b934ada68bf2,160,171,22472.4,131.41754385964913,4.242690058479532,-12.31414446610353
710e3548e02bc1d2831dfc4f1b5b14d4,131,137,22369.25,163.27919708029196,3.463235294117647,-21.31391980940795
744dac408745240a2c2528fb1b6028f3,78,83,22322.6,268.9469879518072,4.554216867469879,-16.135495035698348
7ad32824caee82087b3e2e5f33b1bf32,147,180,22018.1,122.32277777777777,3.785310734463277,-9.851023919753086
ff69aa92bb6b1bf9b8b7a51c2ed9cf8b,20,20,21940.8,1097.04,3.65,-8.430579282407408
f45122a9ab94eb4f3f8953578bc0c560,184,197,21764.68,110.48060913705584,3.9238578680203045,-9.66563769035533
897060da8b9a21f655304d50fd935913,304,413,21740.51,52.64046004842615,3.4706601466992666,-9.000233415164558
06e5eefc71ec47ae763c5c6f8db7064f,90,93,21648.67,232.78139784946237,3.956043956043956,-16.16089767522899
b1b3948701c5c72445495bd161b83a4c,14,14,21519.5,1537.107142857143,1.9285714285714286,4.737371858465608
8444e55c1f13cd5c179851e5ca5ebd00,92,102,21480.96,210.59764705882353,3.156862745098039,-20.57861235929557
05ff92fedb5be47920fea08e501238b9,57,60,21235.98,353.933,4.283333333333333,-17.194690393518517
8f2ce03f928b567e3d56181ae20ae952,151,172,21213.2,123.33255813953488,4.116959064327485,-8.994448010874246
59fb871bf6f4522a87ba567b42dafecf,123,125,21178.6,169.4288,4.256,-14.03216638888889
d2374cbcbb3ca4ab1086534108cc3ab7,514,620,20926.02,33.75164516129032,3.690864600326264,-14.761435950567503
00ee68308b45bc5e2660cd833c3f81cc,135,172,20260.0,117.79069767441861,4.3274853801169595,-10.154900139965546
48162d548f5b1b11b9d29d1e01f75a61,66,89,20109.39,225.948202247191,3.8202247191011236,-12.186877080732417
729f06993dac8e860d4f02d7088ca48a,94,113,19885.18,175.97504424778762,4.330357142857143,-10.468868403802032
004c9cd9d87a3c30c522c48c4fc07416,156,168,19569.73,116.4864880952381,4.156626506024097,-11.331696221891534
bfd27a966d91cfaafdb25d076585f0da,114,115,19225.0,167.17391304347825,4.324561403508772,-14.832266606280193
dc317f341ab0e22f39acbd9dbf9b4a1f,55,58,18988.4,327.3862068965517,4.120689655172414,-14.451185344827586
96493fab2fbb13a14d0c0e8772eef5c3,63,64,18969.0,296.390625,4.031746031746032,-9.534744827835649
f457c46070d02cadd8a68551231220dd,195,230,18798.3,81.73173913043479,3.8013100436681224,-11.673235406602254
0dd184061fb0eaa7ca37932c68ab91c5,161,193,18446.92,95.579896373057,3.953125,-10.520694804260218
44073f8b7e41514de3b7815dd0237f4f,142,151,18380.64,121.72609271523179,3.7466666666666666,-15.125382174392936
d650b663c3b5f6fb392b6326366efa9a,57,57,18335.9,321.6824561403509,4.368421052631579,-10.886111923326835
cd68562d3f44870c08922d380acae552,122,129,18119.7,140.46279069767442,3.90625,-6.848772699540626
527801b552d0077ffd170872eb49683b,90,92,17942.8,195.0304347826087,4.483516483516484,-10.679462182971015
821fb029fc6e495ca4f08a35d51e53a5,24,25,17851.62,714.0648,3.5,-4.151815277777778
a888faf2d1baececa6baf9c3d603ee1f,53,54,17564.8,325.27407407407406,4.111111111111111,-10.074938485939644
9de4643a8dbde634fe55621059d92273,72,81,17560.34,216.79432098765432,4.530864197530864,-10.916403463648834
c72de06d72748d1a0dfb2125be43ba63,21,22,17522.0,796.4545454545455,4.454545454545454,-18.02678345959596
165fc07beebdcb6190fba8a06db2a449,50,64,17481.4,273.146875,3.6875,-10.349753870081019
94144541854e298c2d976cb893b81343,68,76,17286.28,227.45105263157896,4.333333333333333,-14.38956429702729
8b321bb669392f5163d04c59e235e066,930,1005,17262.94,17.17705472636816,4.021978021978022,-9.298743101621522
1e8b33f18b4f7598d87f5cbee2282cc2,122,139,17233.56,123.98244604316547,4.306569343065694,-10.255360378363976
0c8380b62e38e8a1e6adbeba7eb9688c,180,218,17228.99,79.03206422018349,4.060185185185185,-11.806202960414543
54a1852d1b8f10312c55e906355666ee,198,202,17056.46,84.43792079207921,4.3681592039801,-10.18700477860286
abe42c5d03695b4257b5c6cbf4e6784e,49,49,17000.0,346.9387755102041,3.9583333333333335,-8.628012566137565
76d64c4aca3a7baf218bf93ef7fa768d,64,69,16911.8,245.09855072463768,4.1231884057971016,-14.77987167874396
c3acdfac4e3e97ff87529454fbc03642,12,12,16788.0,1399.0,4.25,-8.749227430555555
8ae520247981aa06bc94abddf5f46d34,65,65,16320.99,251.09215384615385,4.446153846153846,-15.705464921652421
41b39e28db005d9731d9d485a83b4c38,187,223,16306.75,73.12443946188341,4.242152466367713,-17.754425707938882
4a3ccda38b2129705f3fb522db62ca31,64,73,16169.09,221.49438356164384,3.8013698630136985,-10.38883085996956
ef0ace09169ac090589d85746e3e036f,128,139,16105.4,115.86618705035971,4.366906474820144,-10.98460748068212
1f1bb1f0859883505541bdd6606193e5,27,29,16040.84,553.1324137931034,4.310344827586207,-9.676177761813538
7aa4334be125fcdd2ba64b3180029f14,214,237,16012.95,67.56518987341772,4.080508474576271,-8.848763771683075
fa40cc5b934574b62717c68f3d678b6d,304,337,15900.48,47.18243323442137,4.446428571428571,-10.687420767392021
86ccac0b835037332a596a33b6949ee1,178,208,15894.34,76.41509615384615,4.031400966183575,-14.185681312321938
4b9750c8ad28220fe6702d4ecb7c898f,217,221,15815.4,71.56289592760182,4.352941176470588,-8.676571246019776
d921b68bf747894be13a97ae52b0f386,77,77,15645.8,203.1922077922078,4.558441558441558,-15.349977603415104
6061155addc1e54b4cfb51c1c2a32ad8,28,33,15633.4,473.73939393939395,4.696969696969697,-8.27621632996633
0adac9fbd9a2b63cccaac4f8756c1ca8,106,134,15557.6,116.10149253731343,4.007462686567164,-10.602651326699835
2a5b78b41cd05baeac8df54c6606b92c,46,56,15554.28,277.755,4.303571428571429,-17.953891782407407
c33847515fa6305ce6feb1e818569f13,114,128,15519.85,121.248828125,3.71875,-14.725171802662038
229c3efbfb0ea2058de4ccdfbc3d784a,118,145,15479.0,106.75172413793103,3.6433566433566433,-11.671734993614304
e5a38146df062edaf55c38afa99e42dc,120,124,15270.89,123.15233870967742,3.967479674796748,-9.927878210872162
c847e075301870dd144a116762eaff9a,41,42,15248.8,363.06666666666666,4.195121951219512,-10.006592261904762
85d9eb9ddc5d00ca9336a2219c97bb13,499,512,15107.24,29.506328125,4.210216110019647,-15.031304321289063
213b25e6f54661939f11710a6fddb871,152,190,15105.95,79.505,3.823529411764706,-10.3307317251462
f9244d45189d3a3605499abddeade7d5,20,20,15081.44,754.072,4.35,-23.549096643518517
e2a1ac9bf33e5549a2a4f834e70df2f8,5,5,14999.45,2999.89,4.8,-9.154564814814815
2a84855fd20af891be03bc5924d2b453,155,159,14989.0,94.27044025157232,4.360759493670886,-11.795219325064057
01fdefa7697d26ad920e9e0346d4bd1b,128,130,14802.53,113.86561538461538,4.372093023255814,-12.992729433760683
79ebd9a61bac3eaf882805ed4ecfa12a,133,140,14783.09,105.5935,4.014285714285714,-11.691497685185185
080199a181c46c657dc5aa235411be3b,79,83,14504.2,174.74939759036144,4.609756097560975,-8.926005271084337
4c2b230173bb36f9b240f2b8ac11786e,258,343,14474.57,42.19991253644315,3.75811209439528,-7.911344515980995
a5cba26a62b8b4d0145b68b841e62e7f,53,54,14438.84,267.3859259259259,4.574074074074074,-14.075594350137175
1b4c3a6f53068f0b6944d2d005c9fc89,111,115,14420.5,125.39565217391305,4.140350877192983,-12.149669082125603
5cf13accae3222c70a9cac40818ae839,148,155,14293.3,92.21483870967742,4.461038961038961,-13.769761424731183
66922902710d126a0e7d26b0e3805106,150,155,14267.3,92.04709677419355,4.474025974025974,-9.546909946236559
8e6d7754bc7e0f22c96d255ebda59eba,84,129,14107.38,109.35953488372093,2.988372093023256,-5.620112959374103
aba1721a889e04decc910aa13b768ef4,83,92,14103.3,153.2967391304348,4.456521739130435,-10.944605223429951
f08a5b9dd6767129688d001acafc21e5,11,18,14069.63,781.6461111111112,3.4444444444444446,-7.761447402263374
c6bda72e4dbf5c5866b13cb1810c6d03,59,59,14059.38,238.29457627118643,4.398305084745763,-11.559546257062147
2e90cb1677d35cfe24eef47d441b7c87,127,137,13894.71,101.4212408759124,4.036496350364963,-10.054404822249257
3b15288545f8928d3e65a8f949a28291,101,118,13764.82,116.65101694915255,3.948717948717949,-11.124971653327055
b8bc237ba3788b23da09c0f1f3a3288c,45,47,13685.71,291.1853191489362,4.3478260869565215,-13.550575748620961
d94a40fd42351c259927028d163af842,100,109,13674.8,125.45688073394496,4.132075471698113,-13.484762041284403
a6bd7d1ccdac48c6b33b28596b7eb122,15,15,13669.11,911.274,3.5,-15.618875
610f72e407cdd7caaa2f8167b0163fd8,16,17,13585.16,799.1270588235294,3.7058823529411766,-9.24376429738562
ce248b21cb2adc36282ede306b7660e5,64,65,13560.19,208.6183076923077,4.246153846153846,-9.827450498575498
6039e27294dc75811c0d8a39069f52c0,63,74,13500.8,182.44324324324324,3.864864864864865,-6.3744486674174174
6d66611d7c44cc30ce351abc49a68421,164,174,13428.6,77.17586206896551,3.9302325581395348,-10.060898986270754
34d1ca11b242c0fee2c834ae8d788566,40,41,13422.24,327.3717073170732,4.3,-13.355037827461608
289cdb325fb7e7f891c38608bf9e0962,109,125,13410.55,107.2844,4.592,-9.872723703703704
a3e9a2c700480d9bb01fba070ba80a0e,129,143,13371.8,93.50909090909092,4.028368794326241,-9.476644004144005
a673821011d0cec28146ea42f5ab767f,125,141,13366.0,94.79432624113475,3.922222222222222,-8.721450288941424
240b9776d844d37535668549a396af32,35,35,13332.09,380.91685714285717,4.3428571428571425,-10.563041997354498
1f9ab4708f3056ede07124aad39a2554,76,77,13312.93,172.89519480519482,4.105263157894737,-12.81777867965368
8cc6a0e5738e61a87b03c78b2ba9db4b,23,24,13272.7,553.0291666666667,4.416666666666667,-10.22246383101852
d05ae8f7a5bd1d2a690a44cd079e4e27,77,80,13244.0,165.55,3.8227848101265822,-10.51797728587963
0b35c634521043bf4b47e21547b99ab5,50,77,13235.65,171.89155844155843,3.526315789473684,-14.14918244949495
669ae81880e08f269a64487cfb287169,161,185,13133.87,70.99389189189189,4.1521739130434785,-13.637100663163164
05f51e13da97139648b8125c31e5f51b,57,60,13100.31,218.3385,4.25,-9.171407600308642
440dd6ab244315c632130ecfb63827b1,91,92,13089.0,142.27173913043478,3.891304347826087,-10.678699174718197
d50d79cb34e38265a8649c383dcffd48,70,70,13012.42,185.89171428571427,4.246376811594203,-12.653352347883597
c31eff8334d6b3047ed34bebd4d62c36,120,121,12991.61,107.36867768595042,3.875,-9.514439279155189
431af27f296bc6519d890aa5a05fdb11,116,124,12974.6,104.63387096774194,3.796747967479675,-6.826091136499403
6edacfd9f9074789dad6d62ba7950b9c,205,216,12966.4,60.02962962962963,4.393518518518518,-10.983387345679013
9e6229250fedbe05838fef417b74e7fb,73,77,12962.3,168.34155844155845,3.896103896103896,-14.843030603655604
039e6ad9dae79614493083e241147386,5,5,12925.0,2585.0,4.0,-11.414537037037038
e24fc9fcd865784fb25705606fe3dfe7,51,55,12768.0,232.14545454545456,4.181818181818182,-12.762585648148148
ed4acab38528488b65a9a9c603ff024a,32,40,12759.45,318.98625,3.725,-11.91210499762583
00fc707aaaad2d31347cf883cd2dfe10,103,135,12684.9,93.96222222222222,3.791044776119403,-14.832353566529493
530ec6109d11eaaf87999465c6afee01,94,101,12682.11,125.56544554455445,4.316831683168317,-16.487698592775946
75d34ebb1bd0bd7dde40dd507b8169c3,57,67,12656.33,188.90044776119402,3.985074626865672,-16.223579671089
99eaacc9e6046db1c82b163c5f84869f,63,67,12642.28,188.6907462686567,4.014925373134329,-8.136257082642343
b372ee768ed69e46ca8cdbd267aa7a38,63,69,12630.0,183.04347826086956,4.398550724637682,-18.641912741545895
cfb1a033743668a192316f3c6d1d2671,143,179,12609.54,70.44435754189944,4.025280898876405,-10.855127702772606
1ca7077d890b907f89be8c954a02686a,108,127,12474.64,98.22551181102362,2.2698412698412698,-6.155441181831438
ad97a199236354e53fcd91a5a913e9a2,16,17,12446.85,732.1676470588235,4.470588235294118,-9.701008306100217
ac3508719a1d8f5b7614b798f70af136,101,101,12446.14,123.22910891089109,4.64,-17.372371080858088
2b1a40c1daabc6ca280c4b815c101841,22,33,12342.6,374.0181818181818,3.787878787878788,-13.328769290123457
d6b1ce66b035a475f00c017792ff9769,92,108,12277.4,113.67962962962963,4.165048543689321,-11.941567751200274
fbc14c0cf93505ef89f64665ffa4a7b5,18,18,12227.82,679.3233333333334,4.176470588235294,-13.119290766460905
6e386f64c84e482f0b9abf960797ee1b,29,29,12209.3,421.0103448275862,4.607142857142857,-8.917231002554278
056b4ada5bbc2c50cc7842547dda6b51,64,65,12203.4,187.74461538461537,4.15625,-11.716248575498575
c66dccfb3f109511246da627dd5a2498,44,44,12182.55,276.87613636363636,4.568181818181818,-14.312937973484848
2e1c9f22be269ef4643f826c9e650a52,161,167,12170.24,72.8756886227545,4.234939759036145,-9.758419827012641
c8b0e2b0a7095e5d8219575d5e7e1181,84,85,12170.21,143.1789411764706,4.0476190476190474,-10.113792619825707
66e0557ecc2b4dbea057e93f215f68d8,30,30,12141.0,404.7,4.033333333333333,-8.132280092592593
87b740daf17b5d1be335a64164ec6842,11,11,12099.89,1099.99,3.727272727272727,-12.040315656565657
2138ccb85b11a4ec1e37afbd1c8eda1f,388,419,12089.22,28.85255369928401,3.916267942583732,-12.040642927384425
7202e2ba20579a9bd1acb29e61fe71f6,51,53,12085.7,228.0320754716981,3.9423076923076925,-11.439011617749825
70c27847eca8195c983ed7e798c56743,77,98,12077.52,123.24,4.204081632653061,-11.184921225434618
ff063b022a9a0aab91bad2c9088760b7,94,96,12076.5,125.796875,4.28421052631579,-11.324788652584877
a7f13822ceb966b076af67121f87b063,73,84,12017.69,143.0677380952381,3.4939759036144578,-16.174932208994708
8b8cfc8305aa441e4239358c9f6f2485,15,15,11892.0,792.8,4.2,-15.415018518518519
701938c450705b8ae65fc923b70f35c7,74,111,11879.29,107.02063063063063,3.7545454545454544,-11.05254045712379
7901646fdd36a55f564ffaf2dbccaaf7,22,27,11857.08,439.1511111111111,4.444444444444445,-10.05653206447188
09f952a5f58d2285b0372551ae8f9b01,50,56,11821.5,211.09821428571428,3.875,-11.407350363756613
48436dade18ac8b2bce089ec2a041202,134,147,11821.11,80.41571428571429,4.129251700680272,-9.391865000629881
adbc26658d6c7b4b6219f9d934598091,88,92,11806.4,128.3304347826087,4.054347826086956,-7.626397569444444
72c5da29406b4234927b81855e7b64f6,31,31,11798.69,380.6029032258065,4.129032258064516,-15.886599089008364
128639473a139ac0f3e5f5ade55873a5,527,554,11795.85,21.292148014440432,4.202554744525547,-11.548800788039845
ce7d1888639e6fb06b2749cbfdac1ff7,78,84,11793.89,140.4034523809524,4.107142857142857,-12.110723792989418
e8b3a3a38279a82f0e5d006d5e5b7d2c,80,85,11762.4,138.38117647058823,3.929411764705882,-18.05221827342048
bba3293d6f5d5af2f415e004e8b93ae3,17,17,11702.1,688.3588235294118,4.294117647058823,-8.345047657952069
e26901d5ab434ce92fd9b5c256820a4e,197,215,11601.5,53.96046511627907,4.144186046511628,-12.939614071920758
25e6ffe976bd75618accfe16cefcbd0d,106,115,11552.62,100.4575652173913,4.417391304347826,-13.862852053140097
c4d51195486dc781531876a7d00453d8,17,17,11468.98,674.6458823529412,3.9411764705882355,-12.069052968409586
d1b65fc7debc3361ea86b5f14c68d2e2,39,40,11413.17,285.32925,4.65,-15.318899305555556
b4f8921fcc4ff77b66bea6dda43dcd51,18,20,11395.05,569.7525,4.6,-16.992469328703702
0be8ff43f22e456b4e0371b2245e4d01,156,175,11336.0,64.77714285714286,3.9657142857142857,-11.106522619047619
c60b801f2d52c7f7f91de00870882a75,39,39,11296.5,289.65384615384613,3.4358974358974357,-9.96324252136752
5d378b73ab7dd6f0418d743e5dcb0bd1,6,6,11254.0,1875.6666666666667,3.8333333333333335,3.5366801697530863
1d8dbc4f32378d715c717c1c1fc57bae,91,97,11205.99,115.52567010309278,3.9263157894736844,-11.292839824360444
6cd68b3ed6d59aaa9fece558ad360c0a,149,157,11188.57,71.2647770700637,4.445859872611465,-13.64144528485492
cab85505710c7cb9b720bceb52b01cee,201,204,11124.6,54.53235294117647,4.33743842364532,-15.073805147058824
80e6699fe29150b372a0c8a1ebf7dcc8,96,98,11119.66,113.46591836734694,4.350515463917525,-15.55437039399093
ccb83a794700270fde70898fe9ff368b,12,12,11062.0,921.8333333333334,4.333333333333333,-9.273283179012346
5a8e7d5003a1f221f9e1d6e411de7c23,137,179,11042.1,61.687709497206704,4.189944134078212,-11.78022650268984
8d956fec2e4337affcb520f56fd8cbfd,210,227,10988.2,48.40616740088106,4.202643171806168,-10.007731736417034
95e03ca3d4146e4011985981aeb959b9,172,190,10865.16,57.18505263157895,4.013297872340425,-14.485293615984405
7ea5bfa6c340f58f8e71fc1f0412b0d6,96,102,10838.41,106.25892156862746,4.138613861386139,-9.49711079339143
813348c996469b40f2e028d5429d3495,172,195,10813.53,55.454,4.005208333333333,-10.213765254036087
82e0a475a88cc9595229d8029273f045,41,79,10748.02,136.05088607594936,3.3797468354430378,-7.554240799343647
23d7c96d4a1160db1c726b248601b25a,50,52,10658.24,204.96615384615384,3.93,-10.246397346866097
c9c7905cffc4ef9ff9f113554423e671,127,139,10657.18,76.67035971223022,4.158273381294964,-9.367428557154277
dd2bdf855a9172734fbc3744021ae9b9,105,110,10607.0,96.42727272727272,3.8173076923076925,-22.09191435185185
0ea22c1cfbdc755f86b9b54b39c16043,234,265,10592.1,39.97018867924528,4.342911877394636,-16.09736609014675
c864036feaab8c1659f65ea4faebe1da,58,58,10454.2,180.2448275862069,4.568965517241379,-12.6506561302682
6973a06f484aacf400ece213dbf3d946,89,108,10418.72,96.46962962962962,3.6728971962616823,-6.747360468106996
54965bbe3e4f07ae045b90b0b8541f52,73,81,10351.7,127.79876543209876,3.0657894736842106,-1.6871933584819387
ea566164622c6b439516ab18062c42cd,50,52,10309.42,198.2580769230769,3.75,-7.092309918091168
33a6f4b1e7cdc205511e76ba1b6e0186,105,126,10295.01,81.70642857142857,4.357142857142857,-12.984994304820694
f262cbc1c910c83959f849465454ddd3,189,204,10199.86,49.9993137254902,4.1182266009852215,-9.20229200708061
1c5e4e49b9079480255b49d50aac1aa9,12,12,10173.11,847.7591666666667,4.333333333333333,-11.531357060185185
b499c00f28f4b7069ff6550af8c1348a,147,182,10162.18,55.83615384615385,4.230769230769231,-11.455029507529508
c510bc1718f0f2961eaa42a23330681a,12,12,10141.0,845.0833333333334,4.25,-9.145652970679013
9d5a9018aee56acb367ba9c3f05d1d6a,66,78,10119.98,129.74333333333334,4.435897435897436,-13.49931950379867
7b1222c3624aa89b9558b50a2594188c,22,22,10103.52,459.2509090909091,4.454545454545454,-12.326312079124579
5882820ef11c4c068eea0677a7a879b4,14,14,9925.5,708.9642857142857,4.153846153846154,-16.708796296296295
0df3984f9dfb3d49ac6366acbd3bbb85,86,88,9891.49,112.40329545454546,4.340909090909091,-14.12567629419192
9d4db00d65d7760644ac0c14edb5fd86,97,99,9845.71,99.45161616161616,4.540816326530612,-11.004761153198654
06532f10282704ef4c69168b914b77be,7,8,9827.95,1228.49375,4.625,-12.370888310185185
5343d0649eca2a983820bfe93fc4d17e,70,110,9819.02,89.26381818181818,3.638888888888889,-11.889073337542088
f3b80352b986ab4d1057a4b724be19d0,86,91,9815.1,107.85824175824176,4.164835164835165,-12.260302706552707
5058e8c1e82653974541e83690655b4a,62,77,9812.83,127.43935064935064,3.08,-15.683485299422799
bd23da7354813347129d751591d1a6e2,86,87,9704.6,111.54712643678161,4.127906976744186,-9.49810371434653
17ca9b9e9b9ef8fdb529001b49ebb50f,115,128,9649.86,75.38953125,4.03125,-13.361553638599537
e96498ed8daaa3e9c23f7a62da76591c,34,34,9619.09,282.9144117647059,3.9411764705882355,-9.551006944444444
e7df4cd29ab5abab70fb0783ddb53987,23,24,9608.7,400.3625,4.291666666666667,-10.509273244598765
cf8ab1616079e2793aa29d524df01bb1,6,6,9594.0,1599.0,2.5,-8.953105709876544
b2ac621f0d0322434d04a12b078b9369,30,30,9575.5,319.18333333333334,4.4,-10.948530092592593
ef506c96320abeedfb894c34db06f478,316,332,9556.5,28.78463855421687,3.930091185410334,-10.519443782072736
1c129092bf23f28a5930387c980c0dfc,200,219,9528.62,43.5096803652968,4.18348623853211,-9.564779722645019
4830e40640734fc1c52cd21127c341d4,204,212,9490.5,44.76650943396226,4.183962264150943,-10.460398759608665
3db66a856d18a9cba7c9241fc5221c50,94,97,9478.3,97.71443298969072,4.185567010309279,-11.204436449980909
ce27a3cc3c8cc1ea79d11e561e9bebb6,122,151,9465.45,62.68509933774835,4.118110236220472,-12.752555034338975
01cf7e3d21494c41fb86034f2e714fa1,59,65,9439.56,145.224,4.1875,-14.512121794871796
a00824eb9093d40e589b940ec45c4eb0,3,3,9399.97,3133.3233333333333,4.666666666666667,-14.361786265432098
3c487ae8f8d7542beff5788e2e0aea83,30,33,9385.7,284.41515151515154,3.909090909090909,-10.323578843995511
31344c16881c08a8a72c6d2eb29918c1,42,42,9365.8,222.9952380952381,4.428571428571429,-9.637132109788359
05feb94f19d094d4b0f9281f0b1d4c99,6,6,9353.0,1558.8333333333333,4.5,-12.475007716049383
aaed1309374718fdd995ee4c58c9dfcd,104,111,9345.45,84.19324324324324,4.045045045045045,-16.619275108441776
270297ead4c65a6cd2593960d2af6b21,17,19,9344.4,491.81052631578945,3.736842105263158,-12.997205165692009
81a1104df0f08b59c68aa5b03cfe398e,72,72,9320.98,129.45805555555555,4.314285714285714,-13.038743730709877
7b07b3c7487f0ea825fc6df75abd658b,91,96,9259.47,96.4528125,4.395833333333333,-10.35021785783179
ca3bd7cd9f149df75950150d010fe4a2,68,135,9253.47,68.54422222222222,3.785185185185185,-16.19646570644719
aafe36600ce604f205b86b5084d3d767,129,131,9251.4,70.62137404580153,4.3816793893129775,-12.463864768871925
d71d863e5ef30d94e440c11be17dcd8f,23,30,9246.9,308.23,3.5714285714285716,-8.954818672839506
7040e82f899a04d1b434b795a43b4617,208,223,9213.7,41.31704035874439,3.5863636363636364,-9.707960108370703
cb8bcce248bb1fb274ba762d8b971456,66,67,9152.4,136.60298507462687,4.343283582089552,-11.305331156716418
dd7ddc04e1b6c2c614352b383efe2d36,121,142,9148.61,64.42683098591549,3.780141843971631,-7.3936406983568075
6c12e40690c335dbc2f68a4134d30dc1,16,18,9139.2,507.73333333333335,4.0625,-12.720497685185185
0db783cfcd3b73998abc6e10e59a102f,132,137,9077.4,66.25839416058395,4.213235294117647,-12.419911800486618
06df0c10d34e459d9672bc77388742eb,26,30,9070.0,302.3333333333333,4.366666666666666,-13.962750771604938
048c2757535328e0d7dac690ad3c0aae,50,50,9065.08,181.3016,4.244897959183674,-9.286541203703704
5b8154610ebb21fb90eb587365e673df,37,40,9048.05,226.20125,4.175,-8.565459490740741
624f4ece8da4aafb77699233d480f8ef,52,54,9046.0,167.5185185185185,4.185185185185185,-10.282236796982167
4e7c18b98d84e05cbae3ff0ff03846c2,81,88,9038.9,102.71477272727273,4.172413793103448,-12.49011061132155
8b28d096634035667e8263d57ba3368c,139,151,9025.3,59.77019867549669,3.8986486486486487,-9.59185706401766
403aa86912527d730337ffcb0fb096ab,11,11,8959.89,814.5354545454545,4.0,-11.275502946127945
066a6914e1ebf3ea95a216c73a986b91,66,72,8956.38,124.39416666666666,3.9722222222222223,-16.154132105195472
f27e33c6d29b5138fa9967bcd445b6d5,93,98,8888.3,90.6969387755102,4.091836734693878,-9.982946074263038
32b8764b4ef628b53608fc34011fcc13,36,38,8884.0,233.78947368421052,4.2368421052631575,-14.032147295321638
5f2684dab12e59f83bef73ae57724e45,67,73,8870.97,121.52013698630137,3.7534246575342465,-10.349592846270928
d03698c2efd04a549382afa6623e27fb,18,21,8865.47,422.1652380952381,4.523809523809524,-14.838435295414461
f80edd2c5aaa505cc4b0a3b219abf4b8,116,125,8855.5,70.844,4.137096774193548,-11.440233518518518
8e8a7ce9f2f970dc00e2acf6f6e199f6,63,64,8821.0,137.828125,4.015625,-10.416277669270833
af4a0e4cfe1d9c26b6712b1be25a72e5,21,26,8757.98,336.8453846153846,3.5,-12.913674768518518
9b013e03b2ab786505a1d3b5c0756754,170,220,8714.55,39.61159090909091,4.0607476635514015,-9.4065
6d803cb79cc31c41c4c789a75933b3c7,58,66,8711.4,131.9909090909091,4.28030303030303,-13.399673120089787
1da3aeb70d7989d1e6d9b0e887f97c23,261,324,8691.56,26.8258024691358,4.080495356037152,-10.981487911522633
b1a81260566c1bac3114a6d124413f27,51,54,8684.69,160.8275925925926,4.222222222222222,-16.079770876200275
562fc2f2c2863ab7e79a9e4388a58a14,255,265,8659.25,32.676415094339625,4.247148288973384,-12.498795859538784
a49928bcdf77c55c6d6e05e09a9b4ca5,96,104,8646.9,83.14326923076923,2.9711538461538463,-3.8129025329415955
17306570e772e7718c92a562d33f5f1d,27,30,8640.0,288.0,3.7666666666666666,-9.39187924382716
fffd5413c0700ac820c7069d66d98c89,57,58,8535.0,147.1551724137931,3.912280701754386,-10.632094907407408
6c7d50c24b3ccd2fd83b44d8bb34e073,112,126,8445.96,67.03142857142858,4.44,-11.194404670047032
259f7b5e6e482c230e5bfaa670b6bb8f,136,162,8393.14,51.809506172839505,4.273291925465839,-13.046095464677641
054694fa03fe82cec4b7551487331d74,20,21,8286.1,394.5761904761905,3.2857142857142856,-1.3696687610229277
db2956745b3a8e9f3785c99f34b5d25e,45,46,8261.0,179.58695652173913,3.8043478260869565,-11.17128547705314
b92e3c8f9738272ff7c59e111e108d7c,62,70,8231.09,117.587,4.057142857142857,-42.214879464285715
cbd996ad3c1b7dc71fd0e5f5df9087e2,160,189,8217.5,43.47883597883598,4.132596685082873,-10.594015468841858
397c4d0c005b6f41f90098ac724e28cb,5,5,8177.0,1635.4,4.4,-5.189847222222222
4371b634e0efc0e22b09b52907d9d469,101,111,8168.0,73.58558558558559,4.4363636363636365,-10.076026651651652
67883baaae6134ee81b271a542613728,19,19,8167.9,429.88947368421054,4.105263157894737,-5.40530884502924
86bb7c4b535e49a541baf3266b1c95b1,16,16,8162.4,510.15,3.2,-11.103603153935186
fdb9095204a334cd8872252ffec6f2db,46,61,8156.0,133.70491803278688,4.139344262295082,-11.204435147237401
52d76513f0c4d97f3b99570e2c94ee31,19,28,8153.1,291.1821428571429,3.88,-18.77942005621693
33a17d60c64393351ebf1ef860f4e0f2,43,47,8152.48,173.45702127659575,4.617021276595745,-15.385617612293144
93dc87703c046b603023e75222018b45,33,34,8149.35,239.68676470588235,4.15625,-10.563343545751634
784ba75dd9d20200c4caed3d7a77141a,19,22,8142.33,370.1059090909091,3.840909090909091,-8.376506207912458
4bfc7a4a1cf8d4d2121c27422d9e50b5,26,40,8124.4,203.11,4.225,-9.963937789351851
8fb791022c1fc8909664f48ab7dc636d,5,5,8119.95,1623.99,4.2,-17.257386574074076
7d456afc660226829370f3173d14520c,55,89,8118.25,91.21629213483146,4.258426966292135,-11.934945250728257
6c177e38df6d3f34182b1f1d427231bf,53,54,8112.89,150.2387037037037,4.148148148148148,-14.072581232853224
6bd69102ab48df500790a8cecfc285c2,5,5,8070.0,1614.0,3.0,-3.0159560185185184
fcb5ace8bcc92f75707dc0f01a27d269,59,70,8009.35,114.41928571428572,3.898550724637681,-8.510500826719577
b1fc4f64df5a0e8b6913ab38803c57a9,107,121,7994.74,66.07223140495867,3.7815126050420167,-9.036462063820018
903037660cf848a717166eb7a06d616e,44,59,7935.18,134.49457627118645,3.8135593220338984,-16.28609404425612
5656537e588803a555b8eb41f07a944b,171,185,7931.26,42.871675675675675,3.8216216216216217,-11.22702170920921
3078096983cf766a32a06257648502d1,56,61,7910.84,129.68590163934425,4.295081967213115,-11.645829728293867
972d0f9cf61b499a4812cf0bfa3ad3c4,81,86,7910.42,91.98162790697674,2.9642857142857144,-9.042771990740741
750303a20e9c56b2a6bc45cdce0b897d,53,56,7876.0,140.64285714285714,4.339285714285714,-11.758600777116403
bbf9ad41dca6603e614efcdad7aab8c4,14,14,7846.0,560.4285714285714,4.5,-21.060817625661375
725c32fa80c2faacc4fc88450d27314e,89,93,7838.88,84.28903225806451,4.538461538461538,-11.536146331142971
8476243f92442881ddd5b578975cf115,12,12,7838.0,653.1666666666666,4.083333333333333,-6.900901813271605
2dee2ce60de9709b1a24083217181a1f,54,55,7784.5,141.53636363636363,4.363636363636363,-16.3840101010101
b18dc380845b24038cfc48006478f099,43,48,7753.96,161.54083333333332,4.297872340425532,-10.303725405092592
7bac63f6603d382cc8d0832eb6c100a8,19,19,7751.95,407.9973684210526,4.0,-4.763737816764133
5b925e1d006e9476d738aa200751b73b,63,63,7748.5,122.9920634920635,4.603174603174603,-10.505257569077013
6fd52c528dcb38be2eea044946b811f8,67,84,7743.02,92.17880952380952,3.5,-10.485213293650794
257e61d3251fb5efb9daadddbc2cf7ca,12,12,7729.0,644.0833333333334,4.75,-17.01090760030864
ebd2d60905fb58271facef5596b620d3,82,85,7713.02,90.74141176470589,4.235294117647059,-10.583083197167756
3bb548e3cb7f70f28e3f11ee9dce0e59,46,53,7690.02,145.09471698113208,3.981132075471698,-17.148675314465407
2089a6d640999f9b9141ac719b2af596,41,41,7676.02,187.22,3.926829268292683,-10.751182531616983
08633c14ef2db992c11f840f04fad4cd,74,97,7644.3,78.80721649484536,4.237113402061856,-11.130520236731577
73a63f72308aa20a46f4b1632018f196,27,35,7640.8,218.30857142857144,4.323529411764706,-14.664074735449736
4e17c65a516f69d023a2ae78b84f28d6,61,74,7639.26,103.23324324324324,4.081081081081081,-20.09044263013013
52f976b17ea7f2f087f56dcc419328f6,6,6,7630.0,1271.6666666666667,3.6666666666666665,-15.921213348765432
9596c870880d900012f2e8e6e30d06d7,21,23,7625.35,331.5369565217391,4.173913043478261,-11.741751207729468
0432ead42b6c8a0bdf68154add917fdf,82,87,7574.4,87.06206896551724,4.551724137931035,-12.769929890378885
42bde9fef835393bb8a8849cb6b7f245,34,39,7574.0,194.2051282051282,4.282051282051282,-13.49591197768281
8a432f4e5b471f8da497d7dc517666e2,95,106,7555.0,71.27358490566037,4.201923076923077,-11.72909678546471
e5a3438891c0bfdb9394643f95273d8e,216,247,7549.96,30.56663967611336,3.8857142857142857,-6.014036071749888
058fd0aa2bfdb2274e05e1ae971dabb6,60,63,7549.9,119.83968253968254,4.380952380952381,-11.118731812169312
7008613ea464bad5cb9b83456e1e6a8f,123,152,7538.7,49.59671052631579,4.291390728476821,-13.490407529239766
640e21a7d01df7614a3b4923e990d40c,115,136,7528.89,55.35948529411765,4.286764705882353,-9.58476196555011
c26a2be5b53b7db6b276280da212a779,13,18,7482.0,415.6666666666667,2.7222222222222223,-11.300895704732511
062ce95fa2ad4dfaedfc79260130565f,54,59,7479.1,126.76440677966102,4.016949152542373,-12.87628884180791
bd0389da23d89b726abf911cccc54596,87,90,7472.16,83.024,4.2,-11.809759645061728
a420f60ff1aa9acc80d0e42959f2b313,67,69,7443.3,107.87391304347825,3.925373134328358,-12.116839439076758
7a241947449cc45dbfda4f9d0798d9d0,56,66,7434.66,112.64636363636363,3.7846153846153845,-14.62498789983165
0bae85eb84b9fb3bd773911e89288d54,136,145,7433.56,51.26593103448276,4.227586206896552,-14.546378751596423
18a349e75d307f4b4cc646a691ed4216,109,128,7425.21,58.009453125,3.5196850393700787,-14.099788682725695
512d298ac2a96d1931b6bd30aa21f61d,11,12,7401.94,616.8283333333334,4.25,-13.91249035493827
e0a366315b1b726b6c7832d664c0f530,43,51,7400.09,145.09980392156862,4.333333333333333,-10.950454793028323
d51e0a403fe2e689ece6c73359d96e12,18,25,7380.0,295.2,4.32,-15.104850925925925
f25e239052084705e17a982bc600ab2a,8,8,7380.0,922.5,4.25,-11.52505787037037
b410bdd36d5db7a65dcd42b7ead933b8,42,42,7368.9,175.45,4.809523809523809,-14.678761574074073
381c83fdca332ea6afd896da20bf6e4a,46,46,7355.8,159.90869565217392,4.391304347826087,-15.096489784621578
a2e874074c877c5a05abae80ad6e488f,40,42,7355.0,175.11904761904762,4.190476190476191,-15.205055941358024
961dff0a659b4561334372337dd897d9,3,3,7297.0,2432.3333333333335,4.666666666666667,-3.529683641975309
b347677812ea483b0f528eaf8cbc09b7,21,21,7288.99,347.0947619047619,4.523809523809524,-16.29607528659612
4aba391bc3b88717ce08eb11e44937b2,27,28,7286.88,260.2457142857143,4.0,-12.56564773478836
aced59e9b31ef866a94f9e7f29d8d418,61,67,7268.5,108.48507462686567,4.447761194029851,-10.630254802377005
e333046ce6517bd8bb510291d44f0130,68,74,7268.0,98.21621621621621,4.391891891891892,-12.86969797922923
0873d9f8f36123f8d910f4760e788cfb,6,6,7265.59,1210.9316666666666,3.1666666666666665,-7.1665528549382715
8648b1e89e9b349e32d3741b30ec737e,93,100,7228.75,72.2875,4.12,-11.235267476851853
6a51fc556dab5f766ced6fbc860bc613,24,31,7217.87,232.83451612903227,4.129032258064516,-10.87053390083632
cee48807215b30a12ca2ca10ffb5f250,39,40,7212.23,180.30575,3.7,-12.428697048611111
d624126b9206f595fb3fbb6ba03b28a8,23,28,7198.8,257.1,4.333333333333333,-15.470716352513227
ade45994b717ccee333492330fbf037b,10,10,7196.0,719.6,4.5,-24.484471064814816
dbb9b48c841a0e39e21f98e1a6b2ec3e,108,118,7186.85,60.90550847457627,4.203389830508475,-11.162447328154425
cc63f0dd2acba93ffed4fe9f8e0321fa,55,63,7096.71,112.64619047619047,4.0476190476190474,-11.59739914021164
febab0275244b9a49a623f0bd613ca2f,106,126,7094.82,56.30809523809524,4.317460317460317,-11.070270153586126
54065e9aef7e9e9c2dc23b7594db021a,12,12,7079.0,589.9166666666666,4.333333333333333,-22.112936921296296
87e24fc7052259b1f7f607d61c10d8be,7,7,7073.59,1010.5128571428571,3.857142857142857,-11.35681712962963
d13e50eaa47b4cbe9eb81465865d8cfc,66,68,7073.05,104.01544117647059,4.8088235294117645,-4.157614379084968
014c0679dd340a0e338872e7ec85666a,14,15,7058.0,470.53333333333336,3.6666666666666665,-11.052038580246913
7722b1df1b0e383e000397b2c11e3e19,133,144,7046.6,48.93472222222222,4.223776223776224,-11.539419929912551
f1fd5ab1181f827ffad998c1a5de7d74,15,15,7045.99,469.73266666666666,4.666666666666667,-12.062751543209876
dd55f1bb788714a40e7954c3be6df745,35,37,7041.76,190.31783783783783,3.810810810810811,-8.834618055555556
679769a98cfcc6da877c8486ff1c13f3,21,21,7029.0,334.7142857142857,4.571428571428571,-15.012948082010581
6fa9202c10491e472dffd59a3e82b2a3,3,3,7014.24,2338.08,4.333333333333333,-8.742322530864197
b8630e1121437d41cb08e3c749c2c2e2,12,12,6988.0,582.3333333333334,4.333333333333333,-8.84618827160494
d98eec89afa3380e14463da2aabaea72,168,183,6968.53,38.07939890710382,4.293956043956044,-17.990355570734668
30829ded4523ab9224b93bc49a62c95f,18,31,6911.71,222.9583870967742,3.5806451612903225,-17.980385678016727
d9bd94811c3338dceb4181f3dbc0c73e,54,61,6911.02,113.29540983606557,4.819672131147541,-7.851470666363085
36a968b544695394e4e9d7572688598f,148,156,6864.47,44.00301282051282,3.7275641025641026,-11.685869539411206
b3b17aab11f273023a5f22ca52e1eb70,7,13,6850.0,526.9230769230769,4.846153846153846,-7.894706196581197
58f1a6197ed863543e0136bdedb3fce2,44,45,6833.0,151.84444444444443,4.155555555555556,-14.699239610249785
5b67882648febfb6e1225e6ad7164f6b,27,30,6813.48,227.116,4.033333333333333,-12.768632330246914
33dd941c27854f7625b968cc6195a552,5,5,6787.5,1357.5,4.4,-18.950388888888888
40d54b51e962dbe09cabbcfd33298dee,30,31,6785.56,218.8890322580645,3.903225806451613,-11.81655204599761
ff1fb4c404b2efe68b03350a8dc24122,46,49,6771.0,138.18367346938774,4.061224489795919,-7.980743811413454
54219883e72aad869adfb2a54b7bfa0f,5,5,6750.0,1350.0,3.2,-7.838287037037037
e3b4998c7a498169dc7bce44e6bb6277,1,1,6735.0,6735.0,5.0,-5.400486111111111
3340ef1913fb70d28420f6ceb685c339,32,42,6731.15,160.2654761904762,4.333333333333333,-10.5965341159612
455c5640e8c5bd1b2ee85c0158f85727,8,8,6729.5,841.1875,4.5,-22.132955729166667
80ceebb4ee9b31afb6c6a916a574a1e2,1,1,6729.0,6729.0,,5.62349537037037
abe021b01ba992245271b9aa422032df,2,2,6720.0,3360.0,3.5,-30.367980324074075
31ae0774c17fabd06ff707cc5bde005f,11,11,6719.85,610.8954545454545,4.0,-11.700943813131314
ececbfcff9804a2d6b40f589df8eef2b,97,103,6714.15,65.18592233009709,4.116504854368932,-11.118006225278677
fa1a9dec3a9940c072684a46728bf1fc,55,60,6674.0,111.23333333333333,3.983050847457627,-14.329981481481482
1127b7f2594683f2510f1c2c834a486b,110,128,6669.7,52.10703125,4.1796875,-9.96794578269676
33c51922b6e3c16b24a8f28e5833c99d,18,20,6657.87,332.8935,4.277777777777778,-13.161379050925927
b4ffb71f0cb1b1c3d63fad021ecf93e1,143,164,6635.69,40.4615243902439,4.0426829268292686,-14.296570474819331
5670f4db5b62c43d542e1b2d56b0cf7c,22,22,6630.09,301.3677272727273,4.409090909090909,-13.51984638047138
63b464dbf392c7b80d12d932fa7cafed,36,38,6622.0,174.26315789473685,3.763157894736842,-14.146218323586744
609e1a9a6c2539919b8205cf7c4e6ff0,87,130,6595.23,50.73253846153846,3.598360655737705,-16.48126032763533
83e197e95a1bbabc8c75e883ed016c47,46,54,6574.19,121.74425925925927,4.7407407407407405,-13.214328275034294
aac29b1b99776be73c3049939652091d,94,131,6563.66,50.10427480916031,4.0078740157480315,-11.042809407690132
5d0363b33554b373851fc1622e4d5f3c,93,94,6548.79,69.66797872340426,4.085106382978723,-8.230838258471238
11305281b50fff20ae8bb473f8e11876,35,40,6528.7,163.2175,4.35,-12.038045138888888
751bdc4d83a466c7206cd42e8f426b03,51,68,6520.96,95.89647058823529,3.712121212121212,-11.09163262527233
ee27a8f15b1dded4d213a468ba4eb391,1,1,6499.0,6499.0,5.0,-22.284861111111113
e5e33c0d8e7e002f398f5dc4cbbb338f,26,27,6494.9,240.55185185185186,4.592592592592593,-14.167735339506173
282f23a9769b2690c5dda22e316f9941,98,109,6464.28,59.30532110091743,4.330275229357798,-11.390240188583078
516e7738bd8f735ac19a010ee5450d8d,74,82,6463.19,78.81939024390243,4.609756097560975,-17.86966604561879
4c03b9dd4c11ee2cb35c96c49efc9420,48,48,6458.6,134.55416666666667,4.1063829787234045,-13.477435136959876
92eb0f42c21942b6552362b9b114707d,334,358,6416.41,17.922932960893856,3.957865168539326,-9.726196235516243
7dc8c42cc750eeafea6c85712ffee9bf,41,50,6409.68,128.1936,4.26,-12.699489351851852
376a891762bbdecbc02b4b6adec3fdda,57,58,6406.23,110.45224137931035,4.672413793103448,-14.561508421136654
34056b8b55c1775a22af2331670a799c,77,77,6398.7,83.1,4.038961038961039,-10.19920695045695
dbdd0ec73a4817971d962698f2fea022,16,16,6384.0,399.0,4.375,-16.644780092592594
4b5f66b7adcf57f1ecc0d3c07dd6b177,23,38,6381.78,167.9415789473684,4.081081081081081,-13.67584460282651
02f623a8eb246f3c5f7c2f96462654e6,44,44,6378.0,144.95454545454547,4.558139534883721,-9.968340961700337
ff4ea69c2a729e83e63c7579e4ef8170,8,8,6368.0,796.0,5.0,-11.71378761574074
57e632711dec9ec14ca7546769483e7e,62,65,6350.06,97.69323076923077,4.446153846153846,-16.17455146011396
1da366cade6d8276e7d8beea7af5d4bf,42,48,6348.59,132.26229166666667,3.978723404255319,-7.856722125771605
989becdce12ebc39863c2bceab6f3ca1,15,15,6302.9,420.1933333333333,4.8,-14.919998456790124
bd4889b5e9133b35b66e42a8665cea5c,36,42,6271.9,149.33095238095237,4.463414634146342,-13.529380787037036
6b243f80ed07b10f0e8aa0f21a205f3c,79,89,6260.1,70.338202247191,4.022471910112359,-13.720315100915522
ea67327e24487bdfac5fbfa37ea124df,32,34,6250.18,183.82882352941178,3.5588235294117645,-14.541952954793029
670c26e0f1bf8d0576271d5cfaec6d2b,77,86,6250.1,72.67558139534884,4.348837209302325,-13.013676787252368
2528744c5ef5d955adc318720a94d2e7,5,5,6245.0,1249.0,2.4,-8.749944444444445
eb3071b9f0b0ddaa2df5ea130f09f26b,9,11,6230.0,566.3636363636364,4.636363636363637,-12.619282407407407
dee656f0f566ed1aa85bd137c943f08f,92,94,6212.08,66.08595744680851,4.382978723404255,-13.459265415681639
dfc5fb7259bb2b599ca565e6e9448f0f,33,34,6124.63,180.13617647058823,4.117647058823529,-11.51875714869281
8a32e327fe2c1b3511609d81aaf9f042,126,169,6101.12,36.10130177514793,3.940119760479042,-13.566509012710936
f12ff17ad8bbf01ec5c33b17e506649b,28,28,6101.0,217.89285714285714,3.857142857142857,-9.837592179232804
d6b664fa0667064c6d76394e7848d790,6,6,6080.0,1013.3333333333334,4.833333333333333,-14.692827932098766
bacb1f0ed56ad24198f5810d2b3fe9a5,38,38,6078.05,159.94868421052632,4.324324324324325,-12.696670321637427
6f892e20a171e98efe17fdb971ff319b,41,50,6049.0,120.98,3.8979591836734695,-9.429204629629629
ad781527c93d00d89a11eecd9dcad7c1,38,38,6039.63,158.93763157894736,3.3421052631578947,-8.314369822124757
2c9e548be18521d1c43cde1c582c6de8,124,171,6013.56,35.16701754385965,3.9523809523809526,-6.248685699588477
ba143b05f0110f0dc71ad71b4466ce92,83,84,5998.7,71.41309523809524,4.464285714285714,-7.76541335978836
9baf5cb77970f539089d09a38bcec5c3,31,32,5989.68,187.1775,4.4375,-17.31927951388889
f4c4daa86e30c7e5a553a8d518ac03a5,18,18,5984.31,332.46166666666664,4.0,-12.794899691358024
bba74270a87732727b5a3b4fd9ac1c39,35,40,5964.6,149.115,3.875,-15.4509765625
37515688008a7a40ac93e3b2e4ab203f,227,239,5954.1,24.91255230125523,4.0928270042194095,-7.350922681311018
26d8a1c7c75d513045798992ead43aa2,34,36,5937.13,164.92027777777778,4.333333333333333,-11.79114904835391
8e6cc767478edae941d9bd9eb778d77a,100,108,5929.35,54.90138888888889,4.018867924528302,-12.804427833504802
6a8b085f816a1f75f92dbac6eb545f8f,125,133,5884.17,44.24187969924812,4.176691729323308,-9.424456279587858
0691148aee60ca47977c187804f935ae,47,53,5868.51,110.72660377358491,3.990566037735849,-12.070575428022362
f84a00e60c73a49e7e851c9bdca3a5bb,88,97,5849.24,60.30144329896907,3.7216494845360826,-10.079358414471173
688756f717c462a206ad854c5027a64a,81,99,5837.67,58.96636363636364,3.7916666666666665,-6.9838389683875794
2fdde51ad3e12f297da656d4fbd5d0b5,9,9,5803.0,644.7777777777778,4.777777777777778,-17.334645061728395
02d35243ea2e497335cd0f076b45675d,14,16,5794.0,362.125,2.6875,-5.545978732638889
0bf0150d5b9d60d9cd2906003332f085,39,62,5774.6,93.13870967741936,3.711864406779661,-6.5282190860215055
05d2173d43ea568aa0540eba70d2ca76,62,66,5759.66,87.26757575757576,4.0,-10.88754173681257
f46490624488d3ff7ce78613913a7711,80,87,5690.95,65.4132183908046,3.574712643678161,-8.451821519795658
a63bfbaa882c8f4542891b4e2246cc7f,6,6,5682.0,947.0,5.0,-9.608769290123456
91f848e9f4be368f4318775aac733370,60,70,5668.61,80.98014285714285,4.367647058823529,-10.847095568783068
52ac6f920b7280e4c6d30dd94de6259b,6,7,5657.3,808.1857142857143,3.2857142857142856,-11.199482473544974
9616352088dcf83a7c06637f4ebf1c80,91,97,5643.1,58.17628865979381,4.278350515463917,-14.647113044100802
8c16d1f32a54d92897cc437244442e1b,108,118,5642.6,47.81864406779661,4.327586206896552,-14.202427514908976
e8b4225284fbb02d16f200513f1f395d,30,30,5638.62,187.954,4.3,-13.08119714506173
080102cd0a76b09e0dcf55fcacc60e05,122,128,5612.65,43.848828125,4.53125,-11.131869665075232
d63c73efd41eb002280e7ec831424edb,2,2,5598.0,2799.0,4.0,-19.66546875
b14db04aa7881970e83ffa9426897925,78,105,5595.9,53.294285714285714,3.8020833333333335,-9.794223544973544
f181738b150df1f37cb0bd72e705b193,36,37,5529.7,149.45135135135135,4.486486486486487,-9.299672797797799
04aa0a1c5ce6b222003403a3e11c3cc0,11,17,5518.0,324.5882352941176,3.5294117647058822,-15.898511710239651
cc3d14116804f7209f3884f6367f1152,27,30,5477.8,182.59333333333333,4.666666666666667,-16.625774691358025
94e93ce877be27a515118dbfd2c2be41,29,34,5436.58,159.8994117647059,4.03030303030303,-10.928270697167756
575df70bde3f9f2b30bf8d2e9910d725,27,34,5410.05,159.11911764705883,4.117647058823529,-17.089985021786493
3f0e48d209018b466fcd3bb4ccfeb520,9,10,5399.0,539.9,3.9,-16.394836805555556
c4af86330efa7a2620772227d2d670c9,4,4,5396.0,1349.0,4.333333333333333,-18.199071180555556
e2aee0892199b1d92530e371abd825bf,36,39,5392.77,138.27615384615385,3.8974358974358974,-12.667848409306742
3ade81dab5a172b88e1871c28ae05260,28,30,5383.6,179.45333333333335,4.241379310344827,-9.797181712962963
23c38debaffe4a25a30fdbd9b586a13f,41,46,5382.18,117.00391304347826,4.304347826086956,-9.710966435185185
83deb69e889cf80f82be1dc6d5f2d486,40,42,5363.01,127.69071428571428,4.357142857142857,-11.224277171516755
2a261b5b644fa05f4f2700eb93544f2c,51,82,5355.0,65.3048780487805,3.3536585365853657,-8.397276987353207
817245bcc3badd82bbd222e0366951a6,28,44,5345.6,121.49090909090908,4.15,-12.855071548821549
e62b2d6ac10570a035a30bafcf01d263,62,71,5340.39,75.21676056338028,3.8333333333333335,-8.483317357850808
916c9de0b5ad957346eeeb12f332687e,22,27,5336.5,197.64814814814815,4.37037037037037,-18.41694101508916
a4b6b9b992b46e9ef863637af96e04bc,6,8,5293.0,661.625,3.75,-10.634379340277778
b6d44737c043328708f6749c2dbe50bd,61,79,5284.6,66.89367088607595,4.569620253164557,-13.664872831692453
e06f09ec0a4aca210779cf1cfc63cf19,29,31,5279.49,170.30612903225807,4.016129032258065,-16.415400238948624
02ecc2a19303f05e59ce133fd923fff7,21,24,5264.19,219.34125,4.541666666666667,-14.31782455632716
e9c6969d40e6a3d2d0f90013165c2b98,10,10,5239.98,523.998,4.4,-17.602534722222224
5bffbafbb22daf6d3bfc216a46db8708,21,23,5239.7,227.81304347826088,4.695652173913044,-16.159084641706926
4d0041cdbe51b4617d95c70b19decc74,8,8,5235.2,654.4,4.5,-9.7126953125
3be634553519fb6536a03e1358e9fdc7,80,95,5231.02,55.06336842105263,4.010526315789473,-10.129313840155945
f67efa3f0b6761102a7f8c6b7b571f5d,31,32,5188.68,162.14625,4.4375,-17.58091941550926
f680f85bee2d253556ac91be391d2c82,45,54,5183.92,95.99851851851852,4.296296296296297,-12.059300411522633
5b179e9e8cc7ab6fd113a46ca584da81,34,36,5173.5,143.70833333333334,3.5142857142857142,-12.960965149176955
822bad9bc42b51213ba522fe87b7ab5d,18,18,5160.0,286.6666666666667,4.111111111111111,-3.774389146090535
709e16e2b25c7474d980076c6bfc4806,60,80,5151.9,64.39875,4.525,-12.557945023148148
d566c37fa119d5e66c4e9052e83ee4ea,65,73,5145.7,70.48904109589041,4.71830985915493,-9.760767535514967
fad44952713764836814be105382aee5,32,32,5129.0,160.28125,4.28125,-11.178441840277777
4917cee8d902e13428c3ec4b1ca6f315,31,31,5103.9,164.64193548387098,4.161290322580645,-9.27906847371565
45ba18c210d42734ec52c0c1c574e9ee,35,38,5099.44,134.19578947368421,4.052631578947368,-11.794406980994152
b39d7fe263ef469605dbb32608aee0af,43,48,5063.2,105.48333333333333,3.7872340425531914,-15.621320167824074
67bf6941ba2f1fa1d02c375766bc3e53,15,20,5062.0,253.1,4.3,-9.502776620370371
0cbcee27c791afa0cdcb08587a2013a8,37,39,5054.15,129.59358974358975,4.0,-14.277674798195632
e067ad2c1c0b48758eb1b5228bcf7a68,54,61,5042.55,82.66475409836066,4.131147540983607,-9.879041628718882
afe0067131b73e40875c9b6c10bd2e21,45,45,5040.5,112.0111111111111,4.2727272727272725,-10.702703703703703
3df020b72d3d44b3af9d110fa3940b65,55,101,5039.9,49.9,3.9504950495049505,-10.184471718005135
e0878efa0e0b7e5313ac0b43bc04c081,26,28,5025.4,179.47857142857143,3.5357142857142856,-10.494103422619048
099095b050cfe8eb1ddff5317587e96e,16,19,5003.84,263.36,3.0526315789473686,-10.536827485380117
4bf2f4ee540798a61f9636d12cd9cc80,29,30,4995.56,166.51866666666666,4.166666666666667,-11.59853163580247
f84fa566034f5e8e880a07ec624c56af,89,100,4993.91,49.9391,4.3,-7.538171064814815
835f0f7810c76831d6c7d24c7a646d4d,42,48,4990.2,103.9625,3.3125,-4.967584394290124
45213867cefbf2cd4c6177e10216a951,14,14,4955.42,353.9585714285714,3.857142857142857,-12.640848214285715
9674754b5a0cb32b638cec001178f799,84,95,4941.73,52.01821052631579,4.052631578947368,-10.404126218323587
dbd66278cbfe1aa1000f90a217ca4695,85,99,4928.9,49.78686868686869,4.454545454545454,-11.84704989711934
e9d99831abad74458942f21e16f33f92,130,149,4922.48,33.036778523489936,3.9054054054054053,-9.037915734526473
3ab971ce71839580d2ae5b4e40fe8044,35,37,4917.0,132.8918918918919,3.888888888888889,-11.415987862862863
9df5750209b83567ec144eb299d7d634,11,11,4917.0,447.0,4.0,-19.63654671717172
503c1de08ae81a2d86f17951b204db55,22,22,4906.99,223.045,4.409090909090909,-11.22176452020202
1bb2bdb95f4841f1bba2c0d2cd83d3c9,79,83,4905.76,59.105542168674695,4.573170731707317,-12.555553463855421
f789d2c4f2c2eb38fc4373e7a4b35264,44,49,4864.24,99.27020408163266,4.183673469387755,-14.189874338624339
0d85bbda9889ce1f7e63778d24f346eb,51,58,4845.2,83.53793103448275,4.211538461538462,-9.361989742975734
f7496d659ca9fdaf323c0aae84176632,25,26,4837.67,186.06423076923076,4.576923076923077,-20.151396456552707
1336efc61c316ddf92c899eb817f7cae,74,85,4837.31,56.90952941176471,3.9411764705882355,-10.514728622004357
ce69a8021d18961dd2a40269b7c2c293,19,19,4818.0,253.57894736842104,4.473684210526316,-10.747528021442495
abcd2cb37d46c2c8fb1bf071c859fc5b,44,51,4817.32,94.45725490196078,4.313725490196078,-16.014500045388527
8f580d36c1e9d6fbce95283403c7d447,8,8,4813.25,601.65625,4.375,-9.650280671296297
c12b92bf1c350f3e6bf88d3596219c86,17,17,4808.78,282.8694117647059,3.8823529411764706,-12.422417619825708
f6122bc84774df1b372bdb3bb88ddb9f,3,3,4799.87,1599.9566666666667,3.6666666666666665,-4.879764660493827
2a7dc43cecabf23403078e2188437d1d,52,54,4795.91,88.81314814814814,4.092592592592593,-9.540561128257888
fcdd820084f17e9982427971e4e9d47f,16,27,4783.99,177.1848148148148,3.259259259259259,-19.532280521262003
cfa5ab0e4d3fc212fd0b3410e7081c62,15,20,4780.81,239.0405,3.65,-14.938571180555556
c35affa65afd250151285c5917fc1c8a,8,8,4779.92,597.49,4.25,-6.270883969907407
dfa0c4c6229ab200a4a1336b4d7128ff,77,86,4777.1,55.54767441860465,4.011627906976744,-14.756543927648579
acce39e832338debb07b02385cde5967,44,44,4748.1,107.91136363636363,4.4772727272727275,-9.628650042087543
30a2f535bb48308f991d0b9ad4a8c4bb,71,87,4731.3,54.38275862068966,4.252873563218391,-12.199579342273308
0307f7565ff85b299b6e5ef162b1b1a9,6,6,4711.9,785.3166666666667,3.5,-16.086398533950618
ad420dd0c4f92f8af951ac24b86d0cf5,42,46,4705.29,102.28891304347826,4.159090909090909,-10.93336528784219
582d4f8675b945722eda7c0cb61ba4c7,59,71,4702.96,66.23887323943661,4.112676056338028,-13.33843668492436
968268a686aa05d1f529fb07dff08130,12,12,4677.29,389.77416666666664,3.5,-11.033559027777779
8931a84a914b3fe9b1ddaa4d704947ca,29,32,4668.3,145.884375,3.774193548387097,-8.265864800347222
b2479f944e1b90cf8a5de1bbfde284d6,101,129,4666.53,36.174651162790695,3.3515625,-7.846964990668964
1a932caad4f9d804097d7f8e615baed1,20,30,4661.0,155.36666666666667,3.566666666666667,-11.362547453703703
7e3f87d16fb353f408d467e74fbd8014,91,93,4653.09,50.03322580645161,4.161290322580645,-9.768162833532458
0176f73cc1195f367f7b32db1e5b3aa8,37,38,4643.2,122.18947368421053,4.052631578947368,-8.081136391325536
ef990a83bbea832f36ebe81376335aa8,43,44,4642.59,105.5134090909091,3.659090909090909,-7.806161879208754
537eb890efff034a88679788b647c564,158,171,4617.9,27.00526315789474,4.178362573099415,-11.735880441845355
a3dd39f583bc80bd8c5901c95878921e,34,37,4607.81,124.5354054054054,4.594594594594595,-11.015514577077077
9add47bf45ce8e8c7db6b9cf670b1e09,41,43,4606.44,107.12651162790698,4.261904761904762,-12.913220015073213
06579cb253ecd5a3a12a9e6eb6bf8f47,61,70,4587.4,65.53428571428572,3.842857142857143,-8.378078703703704
31da954dc0855f2495c6310f70a2f931,29,30,4583.0,152.76666666666668,4.233333333333333,-10.098269675925925
4c498c7345e89aebad651544829beca0,47,47,4570.27,97.23978723404255,4.276595744680851,-8.484544178486997
2addf05f476d0637864454e93ba673d5,12,12,4552.0,379.3333333333333,5.0,-14.366703317901235
c68fb906c8f4b4b946d8386bfa6e5467,45,48,4541.16,94.6075,4.51063829787234,-12.156008150077161
1fe5540d7c1c37a595fefbacd5570d9e,20,25,4537.6,181.504,4.28,-13.707875925925926
37dd29b36c458d82f74a953c40c43645,7,8,4536.99,567.12375,4.0,-9.096199363425926
13fa2a6c6b9d0f43cb588d7c82117a12,9,10,4528.0,452.8,4.0,-4.6402777777777775
c840d3fdbba0790404fdae73d253b253,9,14,4522.28,323.02,3.9285714285714284,-18.321488921957673
45d33f715e24d15a6ccf5c17b3a23e3c,56,58,4518.49,77.905,4.172413793103448,-11.296594029374202
180c3376aff0e43dd5788709df48a843,5,10,4513.0,451.3,4.7,-5.81378125
b561927807645834b59ef0d16ba55a24,85,95,4501.99,47.38936842105263,4.336842105263158,-8.056851242690058
55d3daac7c404d59e51c2aa2f4dc5a23,21,28,4480.6,160.02142857142857,3.9285714285714284,-11.581745205026454
b4a476fbd28de64b1e347abf9089366a,30,35,4479.04,127.97257142857143,4.0,-10.692265211640212
e81e1f9c3e762e620f3fb60a51499e16,17,18,4465.99,248.11055555555555,3.823529411764706,-13.043834233539094
8bd0f31cf0a614c658f6763bd02dea69,33,35,4455.34,127.29542857142857,4.205882352941177,-12.291676917989419
b90e891671cffd9557f33a97dc523645,34,39,4449.0,114.07692307692308,4.128205128205129,-15.6206279677113
bbad7e518d7af88a0897397ffdca1979,68,84,4426.32,52.69428571428571,3.0481927710843375,-6.340588210978836
d379f449f2a3b271bc01c0782020f705,28,29,4423.06,152.51931034482757,3.9310344827586206,-14.174528655810983
0ef83d7d83ed97cd2a0049ac8be5f88a,48,55,4421.01,80.382,4.2407407407407405,-13.189011784511784
fc906263ca5083d09dce42fe02247800,112,117,4417.9,37.75982905982906,4.3931623931623935,-14.130233064260842
f021c962aaba8ef6eb527a9c2c8394d1,5,5,4398.5,879.7,4.2,-15.72144212962963
beadbee30901a7f61d031b6b686095ad,64,68,4373.98,64.32323529411765,3.9411764705882355,-8.951823427287582
15aac934c58d886785ac1b17953ea898,25,26,4353.9,167.4576923076923,4.115384615384615,-6.839229433760684
eed78ac17f7f795a19a709745f00cd4e,22,56,4349.5,77.66964285714286,3.4107142857142856,-12.24896267361111
a3f0b55de503387383c7b1de3ad7f678,24,26,4348.4,167.24615384615385,4.384615384615385,-13.79231347934473
c500367424994318b9e779ff1ae9a330,9,9,4346.4,482.93333333333334,3.7777777777777777,-11.399579475308641
2ff97219cb8622eaf3cd89b7d9c09824,87,94,4339.1,46.16063829787234,4.553191489361702,-8.65238684495666
834f8533b2ecb6598dd004ff3de7203a,41,45,4324.35,96.09666666666666,3.8444444444444446,-6.021756430041152
9803a40e82e45418ab7fb84091af5231,11,18,4278.75,237.70833333333334,3.111111111111111,-20.684236754115226
282c7480173bb9c01dd41cc739fec010,5,8,4274.2,534.275,4.428571428571429,-15.5244140625
cc5a78bbad32776dc4e3af205218368c,33,38,4269.18,112.34684210526316,4.473684210526316,-15.91025371588694
1fdc574883ef3b33ad41562d93f3a74a,18,18,4251.0,236.16666666666666,4.444444444444445,-10.745678369341563
43f8c9950d11ecd03a0304a49e010da6,41,41,4249.59,103.64853658536586,4.560975609756097,-11.508667005420055
9b1585752613ec342d03bbab9997ec48,3,3,4248.98,1416.3266666666666,3.6666666666666665,-5.632191358024691
3c03b12bab54d8b37d79d914bfdb1aa0,37,43,4236.34,98.51953488372094,3.880952380952381,-8.117829188199828
8a130737016f838139d31878787a39c9,56,62,4222.03,68.09725806451613,4.354838709677419,-10.000790210573477
6288c69c4ce638e59925e59193f98b16,20,20,4196.8,209.84,4.25,-11.442781828703703
23613d49c3ac2bd302259e55c06c050c,69,79,4193.1,53.07721518987342,3.6923076923076925,-10.637700421940929
8bb48dc19fccaa8613b6229bf7f452a2,82,95,4190.72,44.112842105263155,4.336842105263158,-12.78752668128655
b19f3ca2ea475913750f25a5c37c8d8f,19,19,4174.16,219.69263157894736,3.263157894736842,-6.372702850877193
5c030029b5916fed0986310385ec9009,7,10,4164.4,416.44,4.9,-15.69276736111111
bccf933e006e9b94a6184af782963e77,45,46,4162.74,90.49434782608695,4.533333333333333,-12.54825759863124
f76a3b1349b6df1ee875d1f3fa4340f0,24,24,4160.79,173.36625,3.4583333333333335,-4.84861930941358
8b9d6eec4a7eb7d0f9d579ce0b38324d,48,52,4159.55,79.99134615384615,4.115384615384615,-10.070389512108262
cd6efc47efaabf134f8bdb654e10b4f1,31,32,4158.55,129.9546875,4.5,-13.351646050347222
6fc26fe110feebd80a433e1f012a84f9,35,72,4150.87,57.65097222222222,4.014705882352941,-13.928322241512346
65febd49fd28ec955651299159b1f527,33,38,4136.71,108.8607894736842,4.342105263157895,-12.794436220760234
cac4c8e7b1ca6252d8f20b2fc1a2e4af,74,82,4128.19,50.34378048780488,3.5617283950617282,-4.3272714826106595
681fce914360217db47784ae28905a96,23,24,4127.33,171.97208333333333,3.869565217391304,-12.506877893518519
d66c305afaec317ebee552073a674429,38,44,4126.59,93.78613636363636,4.545454545454546,-19.10124053030303
98dac6635aee4995d501a3972e047414,89,190,4115.75,21.66184210526316,3.8882978723404253,-11.007073464912281
e883aa812c37a7413226856f4579fe91,26,29,4097.1,141.2793103448276,3.896551724137931,-12.28805635376756
2a167ca73899c85001a837d8fb4962f6,2,3,4097.0,1365.6666666666667,4.333333333333333,-12.903800154320988
42b729f859728f5079499127a9c2ef37,103,131,4096.96,31.274503816793892,4.364341085271318,-6.5451712256149275
99002261c568a84cce14d43fcffb43ea,36,36,4088.0,113.55555555555556,3.7222222222222223,-11.504828639403293
6b3bd31ad8fcda4b2635ec9f3ff2ecdf,35,42,4063.9,96.75952380952381,3.9285714285714284,-9.202614087301587
f35b3c613c4f7b2275f4185d0a3c59ec,9,9,4047.25,449.69444444444446,4.555555555555555,-7.3685751028806585
715bbd5ba4e6b74cb0d2f29eb45058b0,62,64,4043.3,63.1765625,4.46875,-12.850242513020833
382229d1e840115ffe3dbf5ff460e417,45,48,4037.06,84.10541666666667,4.3125,-9.672912085262345
e70053bf73d1b5863932e53a9fa47496,7,7,4025.0,575.0,4.285714285714286,-9.058973214285714
3c7c4a49ec3c6550809089c6a2ca9370,139,158,4002.75,25.33386075949367,3.7341772151898733,-8.682358180965776
55a5b51f93f2b70ea513f5a047b0262a,39,41,4002.3,97.6170731707317,4.487804878048781,-11.75954945799458
6ec1a01e866584bb679eb9b098345919,30,31,3998.91,128.99709677419355,4.241379310344827,-4.351159274193549
951e8cef368f09bb3f3d03c00ca4702c,62,69,3993.31,57.874057971014494,4.164179104477612,-10.118309011003758
6b333a05bf188ef3e1f1662a86bd9855,12,13,3990.91,306.9930769230769,4.384615384615385,-8.081040776353277
bede56095ba33c42038fb85f707b8a42,2,2,3973.9,1986.95,4.5,-17.325277777777778
50c9975695009e5e6473912e83a6d1da,50,68,3964.4,58.3,3.985074626865672,-8.051003370098039
ec8879960bd2221d5c32f8e12f7da711,35,35,3957.5,113.07142857142857,4.294117647058823,-7.952838293650793
bf3c6d2a28b2b5501e6c15448982dcc9,35,43,3956.5,92.01162790697674,4.4186046511627906,-11.274996500861327
3f995f07c49d0d55a99d5c54957f7d81,43,43,3955.7,91.99302325581395,4.209302325581396,-11.409347276055126
81f89e42267213cb94da7ddc301651da,46,52,3955.0,76.0576923076923,3.5384615384615383,-9.049475382834757
11bfa66332777660bd0640ee84d47006,76,102,3925.87,38.488921568627454,3.784313725490196,-8.107830768881627
d20b021d3efdf267a402c402a48ea64b,86,102,3922.3,38.45392156862745,3.6930693069306932,-5.205515500181554
fde0cc9ea29c8ccfc0a2c22256a58c71,35,35,3922.0,112.05714285714286,4.485714285714286,-15.685280753968254
7f152321c60a266edc53af1925ef96c1,20,20,3919.8,195.99,3.8,-5.614539351851851
d5ba419e26d246a0719437cf37d9b46d,33,34,3911.5,115.04411764705883,3.909090909090909,-8.409470656318083
d673a59aac7a70d8b01e6902bf090a11,79,84,3908.94,46.535,3.9642857142857144,-11.411213624338624
79ed755314cfe6df0daef2c6cd3022cd,23,25,3907.5,156.3,4.695652173913044,-12.621816666666668
3361277dc30b7cccdb0c286b24219756,29,42,3905.05,92.97738095238095,4.214285714285714,-14.375486386684303
f00e21b1e91a79653163b7fd8f293ff1,31,31,3900.09,125.80935483870968,4.1,-15.516474014336918
14d7985702e72162bbf13b6beb74ab2b,37,38,3887.0,102.28947368421052,4.342105263157895,-7.977769554093567
02f5837340d7eb4f653d676c7256523a,30,30,3883.05,129.435,4.833333333333333,-16.664940972222222
8090490573c6c0aa343a7231ebcb8c86,26,26,3871.12,148.88923076923078,4.1923076923076925,-10.748686787749287
1b938a7ec6ac5061a66a3766e0e75f90,29,31,3859.8,124.50967741935484,4.451612903225806,-13.99653785842294
d12c926d74ceff0a90a21184466ce161,76,97,3850.28,39.69360824742268,4.11340206185567,-13.64007552978236
c9a06ece156bb057372c68718ec8909b,11,11,3849.0,349.90909090909093,3.3636363636363638,-32.37888573232323
42fa4ee7240e9b8eb4576358ec142ba7,22,22,3845.7,174.80454545454546,4.809523809523809,-14.945178345959595
8ed8ea9a57c862f2c18c2fe41f601d56,19,19,3831.9,201.67894736842106,4.473684210526316,-15.122169834307993
6860153b69cc696d5dcfe1cdaaafcf62,74,84,3827.63,45.56702380952381,4.156626506024097,-8.875499338624339
232a6014e7b10cba61c6c2b2ea6bb4b0,32,35,3819.97,109.142,4.085714285714285,-13.653479497354498
4d600e08ecbe08258c79e536c5a42fee,7,7,3816.17,545.1671428571428,4.428571428571429,-27.358584656084656
2e13c71026e1a39ba5cc1b86dcb679aa,24,28,3793.0,135.46428571428572,4.25,-13.48733382936508
cb41bfbcbda0aea354a834ab222f9a59,11,11,3792.0,344.72727272727275,3.272727272727273,10.29993792087542
6a0cbc8af2e8abd1bdfb777943d174c6,34,34,3788.15,111.41617647058824,4.03030303030303,-8.182517701525054
38874e327ce94d11390b96eb42d61928,6,6,3779.94,629.99,4.0,-10.995405092592593
3f3486b61f45078d4f31ee5e43d8c5bb,39,39,3769.73,96.65974358974358,4.333333333333333,-9.598906695156694
2199e7fe213c16213bf5d6a7eadc9a5d,24,30,3767.29,125.57633333333334,4.4,-12.57404513888889
f0b47fbbc6dee9aafe415a6e33051b3f,67,85,3766.92,44.31670588235294,4.258823529411765,-12.011778867102397
7d76b645482be4a332374e8223836592,172,183,3765.74,20.577814207650274,3.9668508287292816,-8.594107278384943
891071be6ba827b591264c90c2ae8a63,85,90,3763.35,41.815,3.8555555555555556,-10.861048739711935
5d9dc90a686a8fddacffab6bab5653a3,12,12,3761.94,313.495,4.166666666666667,-8.910875771604939
edf96ef93ed595084bbcbd9224bd2894,25,28,3757.0,134.17857142857142,3.7857142857142856,-8.277511160714285
2d2c62bef4c8ba0dd74e0e228e808539,16,16,3749.0,234.3125,4.125,-8.582504340277778
1d0997ff06b524ce9289ffd75114ecd3,3,3,3747.0,1249.0,3.6666666666666665,-18.723460648148148
3c4e0452bff7a2a788179488d3d77032,32,36,3746.4,104.06666666666666,3.742857142857143,-14.934186921296297
eb4df17aed01d918c65f0f8d650900c0,11,11,3739.87,339.98818181818183,3.909090909090909,-9.677921927609427
13d058e4eeac2ce8217660b2f8a05812,22,22,3739.78,169.99,4.181818181818182,-9.519669086700336
77e4abfd739aed9c46480f90f81c0eb4,18,18,3736.99,207.61055555555555,4.777777777777778,-14.832436342592592
23a0ffca143a15b9b5bbdb7d552f626a,23,24,3718.51,154.93791666666667,3.9583333333333335,-10.721114969135803
822166ed1e47908f7cfb49946d03c726,69,108,3714.83,34.396574074074074,3.9245283018867925,-11.991881430041152
ec80e49e69745ab6c14f984bf2149423,12,12,3709.0,309.0833333333333,4.0,-9.759053819444444
a44fb5a447105f8469bdf16bf9159f25,19,19,3706.1,195.05789473684212,4.052631578947368,-6.289195297270955
520b493b57809f446cb0a233bb3e25c7,63,73,3698.9,50.66986301369863,4.376712328767123,-11.370707604008118
c0563dd588b775f2e37747ef6ad6c92c,28,28,3697.2,132.04285714285714,4.357142857142857,-8.382554976851852
0509040ea3fe50071181bbc359eb7738,87,96,3689.35,38.430729166666666,4.494736842105263,-10.06095775462963
5f5b43b2bffa8656e4bc6efeb13cc649,27,29,3677.2,126.8,4.448275862068965,-13.236331816730523
b1fecf4da1fa2689bccffa0121953643,19,20,3669.64,183.482,4.95,-20.63503587962963
2745f798279e0ed033addcc1474776d7,32,32,3668.53,114.6415625,3.967741935483871,-9.98487377025463
c731d18cea9bf687ffee82a241c25b11,24,26,3662.0,140.84615384615384,3.96,-16.307927795584046
33ac3e28642ab8bda860a2f693000e78,34,35,3661.03,104.60085714285714,4.228571428571429,-12.338071097883597
8b2492b7ff4468839593fafeed55bad9,29,45,3660.08,81.33511111111112,3.888888888888889,-5.751462962962963
56642bcb79900e777d68e91915cb4267,48,56,3657.64,65.315,3.767857142857143,-10.291621197089947
7f2617c58d5d06806987308b45654351,22,23,3656.8,158.9913043478261,3.869565217391304,-8.664829911433172
5d3bb11474a06bdc23fb9e89f1164ee0,31,32,3654.6,114.20625,3.9375,-12.795955222800925
f97e2b0650c2068227e1d366140eb62f,16,21,3654.0,174.0,3.65,-18.03202876984127
6bb0724edf0b62fb91ac404873a97241,17,18,3653.0,202.94444444444446,4.5,-9.720453960905349
38e679b9e0064cd94c6f035707344dae,27,28,3644.15,130.1482142857143,4.148148148148148,-16.2501917989418
ed4311e67debd72b8610a5347a743087,25,26,3636.0,139.84615384615384,4.48,-8.101995192307692
1eade46fba20122dc4aefb379f8c636b,58,75,3635.37,48.4716,4.306666666666667,-6.886778240740741
e49c26c3edfa46d227d5121a6b6e4d37,34,35,3624.35,103.55285714285715,4.514285714285714,-18.86436144179894
271c58a1d139c45eaf3316107c6d3a3b,27,27,3597.63,133.24555555555557,4.185185185185185,-10.538530949931413
3364a91ec4d56c98e44174de954b94f6,6,6,3579.94,596.6566666666666,3.8333333333333335,-25.496149691358024
8f119a0aee85c0c8fc534629734e94fd,75,81,3578.88,44.183703703703706,4.246913580246914,-10.095937785779606
99a54764c341d5dc80b4a8fac4eba3fb,44,66,3578.76,54.223636363636366,3.5076923076923077,-9.46422155583614
3c010235b7345c92f125d14ee232a76b,15,15,3578.0,238.53333333333333,4.666666666666667,-8.431912037037037
f2336e113377dd21c744d9c4fc8293a9,4,4,3563.0,890.75,4.25,-14.43056712962963
602044f2c16190c2c6e45eb35c2e21cb,48,55,3559.17,64.71218181818182,3.037037037037037,-7.432901725589225
218f991754f360af9c2daa5e0b8e990c,14,17,3554.32,209.07764705882352,3.5294117647058822,-6.675379901960785
585175ec331ea177fa47199e39a6170a,1,1,3549.0,3549.0,5.0,-14.30574074074074
406822777a0b9eb5c50e442dd4cd3ec5,44,46,3548.09,77.13239130434782,4.355555555555555,-9.84150714573269
a0415d9b25ede3c4b1e477e9916ffc03,9,9,3544.2,393.8,4.222222222222222,-16.988317901234566
66dc1b1632bd6a3e508510c5b3492107,36,41,3542.19,86.39487804878048,3.4878048780487805,-13.669068145889792
f3da5b2ff499efb8d4a6d371d175d7dd,77,82,3540.89,43.18158536585366,3.919753086419753,-7.4907462454832885
71039d19d4303bf9054d69e9a9236699,35,38,3537.2,93.08421052631579,3.6842105263157894,-6.550101425438596
96804ea39d96eb908e7c3afdb671bb9e,37,39,3530.75,90.53205128205128,3.9743589743589745,-12.560697708926876
6750d71153f00fc58829af2a8ef1bcf1,6,6,3514.0,585.6666666666666,4.166666666666667,-16.22419174382716
3d8fa2f5b647373c8620330c4e077a9f,42,47,3501.74,74.50510638297872,4.174418604651163,-12.55998670212766
4559697a8f7e637227c2eeaed843baff,39,39,3486.3,89.3923076923077,4.205128205128205,-11.752505935422603
e7d5b006eb624f13074497221eb37807,28,63,3478.93,55.221111111111114,3.111111111111111,-7.425749375367431
8ff38bc3969e67c36c48343a07090f66,2,8,3472.0,434.0,2.5,-10.110908564814816
ed46f1eb4a638113deb2a1137b5f22e9,4,4,3470.0,867.5,4.0,-12.365593171296297
822b63912576852aea9a8436d72317b7,6,7,3465.93,495.1328571428571,4.857142857142857,-25.370462962962964
bce6a5ecf98e99fd2a8868b15c51f04b,14,15,3464.9,230.99333333333334,4.133333333333334,-7.765371141975309
f0837c8d71434931d9e38e7b79234797,22,23,3446.9,149.86521739130436,4.608695652173913,-19.519798711755232
df560393f3a51e74553ab94004ba5c87,26,27,3429.78,127.02888888888889,3.925925925925926,-12.983283607681756
276677b5d08786d5dce7c2149dcce48b,31,45,3424.2,76.09333333333333,3.888888888888889,-9.501468878600823
b17b679f4f5ce2e03ce6968c62648246,50,51,3424.18,67.14078431372549,3.9215686274509802,-10.773658542120552
4677a5437afda5fa7140b927b07be1cc,11,11,3415.7,310.5181818181818,4.363636363636363,-13.350706018518519
f4db9b37944bcb8873e6b456ee190bbf,21,22,3409.78,154.99,4.545454545454546,-10.365808606902357
827f8f69dfa529c561901c4f2e0f332f,91,104,3408.39,32.77298076923077,4.259803921568627,-10.347803040420228
cfd7ddab722b902f7ac5b5f3ba6d723d,12,13,3385.03,260.3869230769231,4.538461538461538,-11.765032941595441
960945e1a9535cbc0cd6ddd35fbe7ae8,28,29,3381.73,116.61137931034483,4.655172413793103,-9.33801883780332
1b8356dabde1d35e17cef975c3f82730,55,60,3366.4,56.10666666666667,4.133333333333334,-13.617558834876544
070d165398b553f3b4b851c216b8a358,31,38,3333.17,87.715,3.5405405405405403,-8.428133528265107
6481e96574816ead57975da2c0f6d80d,32,43,3324.9,77.3232558139535,4.1395348837209305,-10.57369051464255
6b90f847357d8981edd79a1eb1bf0acb,45,47,3322.08,70.68255319148936,4.361702127659575,-8.371017040977147
db4350fd57ae30082dec7acbaacc17f9,136,145,3304.32,22.788413793103448,4.145833333333333,-14.873701149425287
994f04b3718c2bab35c2adfa8afecd2a,47,55,3289.8,59.81454545454545,4.327272727272727,-7.805578493265993
a2b5b6105ea5942300631d2e76f4ffe0,16,16,3286.69,205.418125,4.75,-7.385464409722222
54c04bdb5ec46762f8f08c7e8f86ed4a,18,19,3281.66,172.71894736842106,4.315789473684211,-9.916364522417155
5b51032eddd242adc84c38acab88f23d,12,14,3280.0,234.28571428571428,3.7857142857142856,-14.812945601851851
52562a9f449c3dc3d53f5f5b9ed74903,14,14,3266.6,233.32857142857142,4.785714285714286,-17.7531605489418
aeb36d67f1414f234d42a29e27cf1f17,4,4,3263.8,815.95,4.5,-2.218880208333333
594f9aaa48e5bf431f011ddc5669b0d5,37,38,3248.8,85.49473684210527,4.578947368421052,-13.33824896442495
a938325a4b357fd23a6a4d5bb126408e,24,25,3231.0,129.24,3.88,-10.906672222222221
643214e62b870443ccbe55ab29a4dccf,65,66,3229.23,48.927727272727275,4.409090909090909,-10.008044858305276
c64a2aec32cc408a8a4c6d7c46017f91,9,9,3221.5,357.94444444444446,3.888888888888889,-11.531579218106996
afa6714acee029b2dfdf357e5579cc03,16,17,3220.76,189.4564705882353,4.0588235294117645,-13.130778867102396
4c18691b6037662be2df78a765d98ab5,63,67,3195.52,47.694328358208956,3.8358208955223883,-10.754694755389718
d57e18d5f73c7ccb7f7339b61166898d,61,63,3187.7,50.5984126984127,4.444444444444445,-10.781560295414462
e48b04bf1aa1ef711caebeb7aede6180,25,25,3187.1,127.484,4.48,-14.93312361111111
e89c4adbe7b1d0819dbb636e16461cf1,24,25,3181.3,127.252,3.88,-9.797764351851852
870d0118f7a9d85960f29ad89d5d989a,45,61,3157.2,51.75737704918033,4.016393442622951,-9.393743928354585
c8b3445d737de6befde0c88ede534a5e,30,36,3149.04,87.47333333333333,3.9722222222222223,-9.863141075102881
5bc24d989e71e93c33e50a7782431b0e,17,17,3148.0,185.1764705882353,4.352941176470588,-15.784994553376906
f326006815956455b2859abd58fe7e39,9,30,3147.16,104.90533333333333,4.7,-9.161761959876543
3cfa1358a6caa965278721344c8d76f2,5,5,3140.28,628.056,4.8,-15.212122685185186
c394e193cda3b4225ff2094d32184849,2,11,3134.89,284.99,5.0,-16.842873526936028
238fac594e170b59c6d228f5a4f4f1d9,29,30,3126.0,104.2,3.9655172413793105,-9.47224537037037
21e83881401b92b49fb09a16d3852291,12,13,3109.06,239.15846153846155,4.769230769230769,-12.551185897435897
5b35136197710e16ac5e7b7c2bd4ea85,7,9,3104.2,344.9111111111111,2.5555555555555554,-3.44110853909465
5c6d4016c2a288f074fa0848a2b653d2,31,34,3100.0,91.17647058823529,4.205882352941177,-9.480330201525055
08cdbae123ff67ca4e36d9d641ce0119,4,6,3098.99,516.4983333333333,2.5,4.5645389660493825
95f83f51203c626648c875dd41874c7f,50,65,3077.66,47.348615384615385,3.2153846153846155,-13.547858618233619
f61c63d13f7cd800549d5acdd390ae72,26,26,3072.3,118.16538461538461,4.0,-10.534161324786325
aae3bfea055532c57fb453ed3ec80b30,48,50,3057.92,61.1584,3.5510204081632653,-13.488141203703703
612a743d294c27884fb7b80d2b19ba35,2,3,3057.7,1019.2333333333333,4.333333333333333,-23.222743055555554
d9e8c084b68fe958861d8f2c21202e6b,9,12,3050.0,254.16666666666666,4.166666666666667,-7.065386766975308
b8555308bfdb4ca1ed54325a58da9a97,26,28,3047.2,108.82857142857142,4.071428571428571,-10.443108465608466
0ebd97a106433a45a4aebe57c1799778,31,32,3046.8,95.2125,4.5,-16.45788773148148
4da0e408c99d2fdc2126dc9fce518060,44,54,3026.0,56.03703703703704,4.444444444444445,-21.31089699074074
4c8545742faaf58fafd5fd14d25d75cf,4,4,3020.0,755.0,4.5,-13.52620949074074
55f7a3319d80f7fdf078b8f03e6725fe,22,22,3013.78,136.99,3.772727272727273,-5.735093644781145
2d50d6282f8aa2257819a77bfaa0efe0,42,43,3008.48,69.9646511627907,3.744186046511628,-9.635206449181739
3bdff180c7e1f6551a643b99c265a120,56,58,3008.2,51.86551724137931,4.175438596491228,-11.713389607279694
5bc55dbe2f12b6af6d83ed46023e0dc8,17,21,2992.1,142.48095238095237,2.3333333333333335,-8.941225749559083
0c7533c71df861ec58ad7ff999ed0e8d,61,73,2989.3,40.94931506849315,4.082191780821918,-9.073805650684932
fce62094ffe6a4009188ec44e681dfdd,4,11,2969.7,269.9727272727273,3.1818181818181817,-11.279203493265994
9646c3513289980f17226a2fc4720dbd,69,76,2964.4,39.00526315789474,4.342105263157895,-12.230655305799221
d17f467e4bf608a510c20d82f4ba3b6b,11,11,2963.78,269.43454545454546,4.2727272727272725,-6.457614688552188
b1ac6ea7895bc3dd6f0f6f4abbdd2821,38,38,2962.0,77.94736842105263,4.526315789473684,-16.119986598440544
8cbac7e12637ed9cffa18c7875207478,66,81,2955.98,36.49358024691358,4.185185185185185,-13.3697170781893
f4aba7c0bca51484c30ab7bdc34bcdd1,108,115,2951.9,25.668695652173913,3.8956521739130436,-14.995360104669887
e908c0f3646e8b60375734a350d95d71,1,1,2951.0,2951.0,4.0,-8.215474537037037
dd58ee93286b0821565574c570e9e1dc,2,2,2948.0,1474.0,5.0,-13.286770833333334
60562ab00b8054280520d390c8c0045c,17,17,2943.0,173.11764705882354,4.764705882352941,-13.532393790849673
f44b6f775a2b390380e0e30b5c9d3eee,10,10,2930.0,293.0,4.9,-11.535689814814814
606ce7768feac12c5e8bd58db8b08f0f,5,5,2916.6,583.32,4.8,-9.310631944444445
2156f2671501a81034d7d07f217609d0,21,21,2909.5,138.54761904761904,4.0,-5.810611221340388
20d83f3ef0e6925fd74bfd59170babf7,40,54,2903.6,53.77037037037037,4.351851851851852,-10.886395318930042
d3dcf0604eabf0224fbd5948b5e02f69,9,9,2902.3,322.47777777777776,3.888888888888889,-4.312062757201646
1771297ac436903d1dd6b0e9279aa505,28,36,2881.27,80.03527777777778,4.628571428571429,-15.370886059670783
1987cd4be10fe09ee50454f9c354d1c6,14,16,2877.7,179.85625,4.25,-13.458918547453704
bd697db56ff8e7c9cd1abeb7f72029b2,21,21,2869.79,136.65666666666667,4.333333333333333,-11.971464947089947
49e7217cfe4e427191c378ec626d8737,12,13,2868.8,220.6769230769231,4.153846153846154,-10.253966346153845
430315b7bb4b6e4b3c978f9dfa9b0558,19,20,2864.4,143.22,4.0,-12.981530671296296
a6fe7de3d16f6149ffe280349a8535a0,50,51,2844.9,55.78235294117647,4.06,-8.781277687000726
fec6275253471ace26d209bbaa64cd0f,9,10,2840.0,284.0,4.6,-17.110966435185187
b494891378bd8f4560abe576c52deacd,19,21,2839.0,135.1904761904762,4.714285714285714,-6.782998787477954
d32e3909cfb714fb2a6cb092c85b9c5f,10,11,2827.9,257.08181818181816,3.6363636363636362,-9.830489267676768
730937bf88cb151eb2eb849f642fc213,22,26,2821.2,108.50769230769231,4.423076923076923,-9.77843660968661
5f1dc28029d2c244352a68107ec2b542,62,78,2807.3,35.991025641025644,4.428571428571429,-15.260100605413106
820cc752a266cdc6c1a1e61dd4583330,15,15,2802.8,186.85333333333332,4.133333333333334,-11.039551697530865
df56d7b40d437f88407c5f78b63bc328,22,25,2791.28,111.6512,3.88,-11.311672222222223
cb3dd9ce66268c7a3ca7241ac70ab58c,48,50,2788.32,55.7664,4.22,-12.796947453703703
ae7ab174effdead6c241e547e4ca13f0,6,7,2778.6,396.9428571428571,3.857142857142857,-9.811805555555555
c4f7fee5b0db50e87766f5a4d1b1b758,5,5,2762.03,552.406,4.0,-15.094879629629629
f125f3a310c2e5f822d116147de1e474,16,22,2761.4,125.51818181818182,4.363636363636363,-9.434497053872054
bb7a14e229b1c95156719c3d9552eeee,10,10,2760.2,276.02,4.5,-9.812314814814815
8f54d64f28a993550aa7943f12572959,15,16,2755.5,172.21875,3.8125,-11.317393663194444
a1474fd46fd3430168f7ec202da39408,12,14,2752.5,196.60714285714286,4.428571428571429,-11.365837466931216
1838dd9b8977065acf51d95e0053ea7a,62,65,2750.5,42.315384615384616,4.338461538461538,-10.374782051282052
1444c08e64d55fb3c25f0f09c07ffcf2,1,1,2749.0,2749.0,1.0,-21.088784722222222
f7ccf836d21b2fb1de37564105216cc1,69,73,2748.4,37.64931506849315,3.859154929577465,-8.329059487569761
3fd1e727ba94cfe122d165e176ce7967,35,36,2747.4,76.31666666666666,3.9722222222222223,-8.110590277777778
f805b96fa705ba7995a221f1749dc141,7,7,2744.44,392.0628571428571,4.428571428571429,-12.476283068783069
977f9f63dd360c2a32ece2f93ad6d306,23,24,2730.07,113.75291666666666,3.9166666666666665,-10.127770543981482
3b872fd4747f01cc56206f2934198618,25,27,2726.74,100.99037037037037,3.888888888888889,-8.390611711248285
5cbbd5a299cab112b7bf23862255e43e,36,38,2726.06,71.73842105263158,4.315789473684211,-12.67344846491228
33576ec5412fb5905d876f12f33bfde6,31,32,2718.0,84.9375,4.125,-16.462378472222223
458d868c9642f55f18f04e951a3fdde6,2,2,2718.0,1359.0,5.0,-18.286244212962963
78744a20ee2f80ba64f6804c25def2b8,6,6,2715.0,452.5,4.166666666666667,-6.920208333333333
fe26f3ecb51a15e6d8335cd92da42562,7,7,2708.96,386.9942857142857,4.428571428571429,-9.701674933862433
d93844a9c55ba7ce353388bcf849ea56,12,14,2708.5,193.46428571428572,4.214285714285714,-8.802264384920635
51702dc2a3e106c76dbff722b5bf0726,13,14,2705.1,193.22142857142856,4.357142857142857,-13.520005787037038
31561f325664a8a7aba4c8d0c3a9b3db,36,38,2702.19,71.11026315789474,4.578947368421052,-8.953947673001949
2a1348e9addc1af5aaa619b1a3679d6b,48,51,2697.4,52.89019607843137,3.04,1.3539608297022512
974cf2cb8f4b7add98709c30df02fe10,30,30,2694.7,89.82333333333334,4.166666666666667,-13.064451774691358
0015a82c2db000af6aaaf3ae2ecb0532,3,3,2685.0,895.0,3.6666666666666665,-15.593379629629629
432c37c9dfba871172ec162e20118b8c,44,55,2679.87,48.724909090909094,4.290909090909091,-10.641136153198653
a17f621c590ea0fab3d5d883e1630ec6,63,78,2677.92,34.332307692307694,4.175675675675675,-9.843212844254511
c9aafcd0621b2207c10e32c649cada4d,40,47,2671.26,56.83531914893617,4.340425531914893,-10.559256796690308
d93919c944be9cff128f6c9cb899eacb,33,33,2666.7,80.80909090909091,4.0,-7.33766835016835
9c068d10aca38e85c50202e17b4a7e88,17,17,2658.9,156.40588235294118,4.125,-12.761653050108933
d25aa0aaacb370e912f8cf6efeba38b3,17,21,2658.45,126.59285714285714,4.523809523809524,-16.019897486772486
6f229cc508fc6915ed5c499efd93baa4,13,14,2654.8,189.62857142857143,4.428571428571429,-8.360176917989419
bc302730ea8cf49b5c74f579febb5bbf,11,11,2640.9,240.0818181818182,3.8181818181818183,-9.245886994949496
f1b93673502375d491780bb49d615dbc,8,10,2638.93,263.893,2.7,-5.786733796296296
1b7e5006cb25dd23ce8686691013b121,11,11,2636.74,239.70363636363638,4.363636363636363,-5.683180765993266
ccf8813e5a7d6c84d865cd38bfc2b130,26,26,2635.5,101.36538461538461,4.384615384615385,-12.802580128205129
8d79c8a04e42d722a75097ce5cbcf2ef,26,27,2627.82,97.32666666666667,4.592592592592593,-11.239100651577504
9906e7aa42a3c067b7c9a564d01c4320,12,16,2619.0,163.6875,4.0625,-10.873758680555556
8ab42aa58097fd4668d60cc648225d5f,20,26,2616.75,100.64423076923077,4.153846153846154,-16.70425080128205
4305fe92735c8a43d154ff6dd2b8d927,17,19,2606.1,137.16315789473686,4.105263157894737,-9.591234161793372
e99e927c81e3f51739c94fcdfca9f10f,21,24,2597.85,108.24375,3.625,-9.242425250771605
a369d693961cb93b61ca2cc518872a85,11,18,2597.0,144.27777777777777,4.111111111111111,-15.043382844650205
fdaaf5bfda82b7b80535610c831b8d09,10,15,2588.9,172.59333333333333,3.933333333333333,-10.121341049382716
f593898ec748b7a8cb81fc04edafd98a,19,22,2588.04,117.63818181818182,3.4545454545454546,-13.374801136363637
244c2f1bff6afe1f2eaf9bfe9b2aed38,23,27,2580.0,95.55555555555556,3.814814814814815,-7.76994255829904
2c4c47cb51acd5ea5db5e0ae0e26542a,12,15,2575.9,171.72666666666666,4.6,-12.673375
0885aaf116795758dfeb5f1032487bcd,27,29,2573.1,88.72758620689655,4.241379310344827,-10.659317927841634
41ab63a91b8b264e8c8780368bf1dd5b,12,13,2571.95,197.84230769230768,4.230769230769231,-21.81409277065527
1ce3ae5a399804d1a87e706f8a813c3e,40,44,2563.0,58.25,3.727272727272727,-15.565438499579125
cd06602b43d8800bd0afad514919d35c,43,52,2555.31,49.14057692307692,3.730769230769231,-11.03883725071225
157c3e4b42f81ac4a44e8b1ca2fe9876,23,31,2548.5,82.20967741935483,3.967741935483871,-12.310325567502987
b76dba6c951ab00dc4edf0a1aa88037e,157,167,2545.31,15.241377245508982,4.1878787878787875,-16.150682731758703
bb5bd94c8f59cc050072d2930c869cac,16,17,2543.87,149.63941176470587,4.235294117647059,-10.578870506535948
3d39fbf22a665714baf62fae36029e23,8,8,2504.2,313.025,4.75,-12.700733506944445
ffa6adafb71b807dc13159e26431354c,17,17,2500.9,147.11176470588236,3.9411764705882355,-12.061402505446623
b335c59ab742f751a85db9c411a86739,30,31,2494.11,80.45516129032258,3.935483870967742,-10.40944556451613
de0c78824586e9a5f5f04fd84e25df39,14,16,2489.3,155.58125,4.4375,-19.346059027777777
cea729054f157f5870bdd321a958d994,24,26,2482.1,95.46538461538462,4.1923076923076925,-8.583060897435898
6989574bd97d9773f10d232b6c07da59,7,7,2478.4,354.0571428571429,4.857142857142857,-11.782711640211641
fe49ee029e61e789a1f3a5525f57ba8d,16,16,2473.69,154.605625,4.25,-11.247547743055556
2e3be8a987a30d7544dbbda6861cc14e,14,15,2472.86,164.85733333333334,3.6,-10.234307098765433
5eeb9c756d9780b96283e5a2ac6da334,9,9,2471.0,274.55555555555554,4.222222222222222,-8.498190586419753
c2d70ce2c5d0a2eb75e78668236e6dc8,13,15,2470.9,164.72666666666666,4.666666666666667,-12.034673611111112
1c40343cc5d18c2d8248ac2f3366de34,21,22,2461.41,111.88227272727272,4.545454545454546,-11.306247895622896
cce6ab8d1682639fe45ab70234f1665f,61,64,2442.7,38.1671875,4.53125,-13.10904296875
a08692680c77d30a0b4280da5df01c5a,6,17,2433.0,143.11764705882354,5.0,-8.364905364923747
318f287a62ab7ac10b703ac37435a231,51,61,2432.48,39.87672131147541,3.918032786885246,-8.813768973891925
4b0fdb526525f9890eb145bf1534640e,18,20,2419.0,120.95,3.95,-8.681181134259258
888faa8bfb0b159c37de6d898b961c31,19,23,2418.3,105.14347826086957,3.869565217391304,-15.226603764090177
04aba03279157f6d4e0fe8ccaf21963c,15,15,2416.0,161.06666666666666,4.533333333333333,-13.255569444444445
d06d019f72a04e5497a0b64190af170c,17,17,2415.93,142.11352941176472,4.529411764705882,-11.729082244008715
1354d51653f645349064725ed204e85e,18,20,2410.0,120.5,3.8,-18.12057175925926
76833248bbc0e65a0293ec62023e4396,2,2,2399.98,1199.99,5.0,-5.88707175925926
82bd0703a4aefd6b599e5bfdaed378fb,20,23,2394.28,104.09913043478261,3.782608695652174,-20.522049114331722
efcd8d2104f1a05d028af7bad20d974b,46,50,2384.79,47.6958,4.2,-13.802633101851852
1996942dc085d7773ba77a529b163cd0,9,9,2383.52,264.8355555555556,4.222222222222222,-17.95349408436214
47efca563408aae19bb7206c2d969ea9,11,11,2383.0,216.63636363636363,4.363636363636363,-14.322673611111112
6bbcb8924baf70b7fe2fe2097e8cd407,10,11,2382.5,216.5909090909091,4.545454545454546,-17.884895833333335
acadd4d36859671cb635527c6c977533,12,12,2381.0,198.41666666666666,4.25,-6.390378086419753
cfe94489ddd337d1e29e12f2a7205d10,20,24,2376.0,99.0,4.125,-6.183604841820988
323ce52b5b81df2cd804b017b7f09aa7,29,29,2374.3,81.87241379310345,4.428571428571429,-4.942940213920817
120476eb7a04c149d14772edaf5d9bf2,4,6,2368.8,394.8,3.8333333333333335,-12.858169367283951
d3f39f05462b79a4562d35893a28f159,33,37,2363.4,63.87567567567567,3.324324324324324,-11.59901338838839
5160d23075764e18e07c1f4a87fad743,33,38,2359.0,62.078947368421055,4.447368421052632,-8.701682200292398
4978a02ea9c8be7a9b5480680f40334e,18,19,2356.61,124.03210526315789,3.5789473684210527,-9.202721125730994
8603f0038fe0e52fedd3382d266723de,10,10,2355.0,235.5,4.4,-11.1486875
ede0c03645598cdfc63ca8237acbe73d,43,47,2352.15,50.045744680851065,3.6666666666666665,-3.4844545409771475
c004e5ea15737026cecaee0447e00b75,1,1,2350.0,2350.0,1.0,15.844189814814815
3504c0cb71d7fa48d967e0e4c94d59d9,53,53,2349.94,44.338490566037734,4.415094339622642,-10.038098139412998
4391ea5c5990502176a1dcda44a2373d,3,5,2349.0,469.8,4.8,-16.71623611111111
34f563c82a85b99ae9e6d60db5fc2e28,8,8,2332.3,291.5375,4.625,-11.930630787037037
62c50c1af4dfdc4149d25c5222043d39,12,17,2325.83,136.8135294117647,3.4705882352941178,-16.29734068627451
0bb738e4d789e63e2267697c42d35a2d,29,30,2308.4,76.94666666666667,4.633333333333333,-13.374790469348659
fd386aa7bed2af3c7035c65506c9b4a3,69,76,2304.15,30.31776315789474,4.355263157894737,-8.9379088998538
5a93f3ab0ef4c84ed5e1b5dbf23978bc,38,43,2299.28,53.47162790697674,4.813953488372093,-18.35395241171404
f1c1ac3f3efc07e659c035008e615e66,3,9,2294.96,254.99555555555557,2.7777777777777777,-12.381575360082305
1d4587203296c8f4ad134dc286fa6db0,40,41,2287.5,55.792682926829265,4.365853658536586,-10.584056571815719
6338ea67c41078a46ad99cc009654956,37,44,2286.09,51.956590909090906,4.609756097560975,-15.072610216750842
7238a95bb63ef7e498389fb863b834a1,15,15,2265.7,151.04666666666665,4.733333333333333,-8.770981481481481
8fe8786ee000001ab51d030dfd4a7bf1,5,5,2255.0,451.0,4.6,-20.827456018518518
655220df33262c7e0c4949a147366f94,13,15,2245.0,149.66666666666666,4.2,-7.775844135802469
dd533b429f380718b70ad9922c294bae,39,43,2244.88,52.20651162790698,3.86046511627907,-8.587071220930232
7b8e8ec35bad4b0ef7e3963650b0a87b,5,5,2244.28,448.856,4.8,0.1005671296296296
5abb8ea023c77787f2c15da891c8d384,13,13,2241.0,172.3846153846154,3.923076923076923,-6.481623931623932
54583ab379489add547fe47b628db589,10,10,2240.0,224.0,4.8,-5.44897337962963
e5f9e61ceb5f523cc966e0f34095032f,4,4,2238.0,559.5,4.0,-5.867763310185185
cac876b37d3abcd6bd76caca30277996,27,33,2229.77,67.56878787878787,4.5625,-14.07696654040404
b83cedfb587e7911540e3f576d6917ce,24,25,2224.95,88.998,4.24,-8.70190324074074
9a84ba99f5367fdbd4598363496f1ea2,15,15,2223.38,148.22533333333334,3.8,-21.68081790123457
fb89df7f89fd1b8f03fa2acca1ba7364,22,25,2220.0,88.8,3.84,-9.219619907407408
747e73c01a4593d4cf60dcf970fd2689,3,3,2217.99,739.33,4.333333333333333,-29.15775848765432
77a515caa36327151d1cc6c32a9f00e1,26,26,2217.39,85.28423076923077,4.423076923076923,-10.092807158119658
e5475dcab1e07b63d7f6e902d8f5eda8,19,19,2192.0,115.36842105263158,4.105263157894737,-9.664354288499025
91f0eec23d4a61d7d7caeefa3f0ad1ca,11,11,2190.8,199.16363636363636,3.5454545454545454,-4.9824631734006735
14a08204d03bb6b6bde8029f801ae0eb,28,38,2185.4,57.51052631578948,3.8157894736842106,-15.078777716861598
1b1ae47a313a825a7ccceb8e2e30fa9d,10,10,2184.0,218.4,4.222222222222222,-13.56735648148148
850913d59ce317156b00f3705f1c3edb,29,30,2183.0,72.76666666666667,3.5,-6.636096450617284
8ca1551acf9832a4cf467bbbac15851f,11,12,2176.4,181.36666666666667,3.6666666666666665,-10.262627314814814
b74d1c09cb380e1d03a6f859c6f4224b,30,38,2174.61,57.226578947368424,4.2368421052631575,-11.13808631822612
4992e76a42cb3aad7a7047e0d3d7e729,56,73,2171.2,29.742465753424657,3.8767123287671232,-9.82986523338407
53d00c40e32aeb924a84ce72b1af869d,17,17,2165.85,127.40294117647059,4.352941176470588,-6.7428867102396515
2be17df1c49978426251562096c3cc09,16,16,2165.0,135.3125,4.1875,-15.444670138888888
0ffa40d54288e4f3499b8780dd0f144f,33,35,2162.8,61.794285714285714,4.4,-11.451326388888889
0725b8c0f3f906e58f70cbe76b7c748c,16,36,2161.52,60.04222222222222,3.6527777777777777,-14.916652520576132
7fc87cc3e89b3d1d5cabdca32f8485aa,14,14,2153.9,153.85,3.5714285714285716,-8.234106316137566
f214d28e8d8e3ef068748498ccc2f813,52,57,2152.43,37.761929824561406,4.125,-12.382631172839506
72bc2cce903c872fe376a8faaa81d237,17,18,2149.2,119.4,4.444444444444445,-7.811837705761317
e8f6dc8e6a1dcde89d20e3995c8d90b3,35,44,2148.74,48.835,3.5681818181818183,-19.696690867003365
b56906f7fd1696e043f1bcce164c487b,40,42,2148.49,51.15452380952381,3.9523809523809526,-13.880147431657848
373ee4a3a775a733770ca3f790b8b9ac,13,22,2141.49,97.34045454545455,4.0,-8.959138257575757
723cd880edaacdb998898b67c8f9da30,11,12,2136.53,178.04416666666665,4.166666666666667,-10.206850887345679
8bdd8e3fd58bafa48af76b2c5fd71974,10,10,2135.83,213.583,4.9,-11.400266203703703
f5f2ab9bdb6b30c14c61be68c5ed37da,18,18,2134.68,118.59333333333333,4.277777777777778,-14.27498649691358
87d30a6a0cbf89356e49324971ab1d24,17,17,2134.13,125.5370588235294,4.352941176470588,-10.146539351851851
9bcdfa7b615b3abb9461d9e3ad9886ae,14,20,2126.07,106.3035,4.6,-14.114046296296296
3a734b715d333a2588a3d54a0c9b8746,15,21,2121.52,101.0247619047619,4.666666666666667,-12.103143187830687
8f78f0903005064036736c7173a5c2ed,13,21,2113.7,100.65238095238095,3.4761904761904763,-13.678503637566138
cf2384dd2f1dddea3f838efed0945e65,16,16,2101.5,131.34375,3.9375,-7.995554832175926
ffdd9f82b9a447f6f8d4b91554cc7dd3,18,20,2101.2,105.06,4.25,-11.460639467592593
e9511df20ccd82658a30c37b7fb343af,22,30,2096.6,69.88666666666667,4.466666666666667,-12.917251157407408
3bfba5a77604f6dfae7e6dd7aaf65821,4,4,2095.5,523.875,5.0,-7.988081597222222
7f7b8245c336066a1f9933c359f11d77,38,43,2094.36,48.70604651162791,4.558139534883721,-12.360678294573644
df91910b6a03bb2e3358fa6a35e32f6f,13,13,2093.2,161.01538461538462,4.615384615384615,-12.622857015669515
8de8fe3af4449ed695d2434c933ed73e,1,1,2090.0,2090.0,5.0,-19.281412037037036
165b1235e9e9942cb5fae67103576fb0,11,16,2085.15,130.321875,4.3125,-7.5420970775462965
6aa3928696eab49a19a466e665a649fd,18,22,2075.0,94.31818181818181,4.545454545454546,-13.299744318181817
082e0bf4cb865a6533b1e8e498cc0255,11,23,2073.3,90.14347826086957,3.3043478260869565,-17.015526368760064
e38db885400cd35c71dfd162f2c1dbcf,30,32,2066.8,64.5875,4.5,-11.851306785300926
ed859002ad59dbf8cf3602696a6c3000,6,11,2063.9,187.62727272727273,4.545454545454546,-27.784627525252525
ea65d8b58316a6f2362f2a9e4b3e86ad,9,16,2061.4,128.8375,3.1875,-5.634984085648148
f615fe7efbef0f4f08fd3086bc7a3e60,22,23,2061.37,89.62478260869565,4.521739130434782,-11.927826590177133
412a4720f3e9431b4afa1476a1acddbe,21,22,2058.1,93.55,4.2727272727272725,-9.106244212962963
4e8dacf3d38f281ae26c3e0321d92d88,8,9,2055.46,228.38444444444445,2.888888888888889,-12.017649176954732
be9a160a9011f627c3e121d076c1ec7b,5,5,2055.0,411.0,4.6,-16.66155787037037
bc2ac6b95e1accce9858528ee566c17e,18,22,2045.0,92.95454545454545,4.636363636363637,-8.994789562289562
f7720c4fa8e3aba4546301ab80ea1f1b,59,77,2043.55,26.539610389610388,4.240259740259741,-14.023381132756132
c6381d2d013342748761e906d45aff76,15,28,2042.98,72.96357142857143,3.0,-13.709023230820106
78c99c6dff4eeae5be99bf635ed21e3f,31,39,2030.88,52.073846153846155,4.333333333333333,-9.663928656220323
71592660bbcb6a4664e97b6f8b68babc,6,7,2027.18,289.59714285714284,4.428571428571429,-10.709705687830688
0ed6ce5d87fd9c69eaacaeb778d67235,42,42,2026.52,48.25047619047619,4.390243902439025,-12.075429894179894
fac1a9017ade7bdc94058fc1c969f355,9,10,2010.84,201.084,4.7,-9.322591435185185
1782ce2db72c3dda627d5e7c898104e1,9,10,2010.8,201.08,4.3,-1.2369733796296296
3a1a1fec38dd360f15fc912e821e169d,15,15,2007.38,133.82533333333333,3.8666666666666667,-4.500921296296296
116ccb1a1604bc88e4d234a8c23f33de,61,73,2004.89,27.464246575342464,4.602739726027397,-10.069224219939118
d6ab728cf30867cf3f1a2e216ae2f9b7,12,14,2002.0,143.0,4.428571428571429,-7.974282407407407
3d2531eccfbde1d7c8db7a3a12fb267a,10,10,1999.54,199.954,4.222222222222222,-13.241596064814814
8ec76bb0965af3f007692b26fa9d6623,1,1,1999.0,1999.0,5.0,-12.043680555555556
6b536a23086fba0d58c08d68814397f6,18,22,1996.8,90.76363636363637,4.045454545454546,-10.724089856902356
17908cf9b444ee34047cadd5c0f4a516,11,11,1993.99,181.2718181818182,4.545454545454546,-11.186450968013467
bf100ecb7997df312b285358fb32f92c,20,21,1991.9,94.85238095238095,4.368421052631579,-16.932710537918872
9449f25aeaf531019b76999ea49a6949,9,9,1979.55,219.95,4.222222222222222,-6.869997427983539
13074f016982ff2bd6c58ced8682f000,13,14,1977.0,141.21428571428572,4.142857142857143,-7.416582341269841
c013e57c075a06e5b5c48ee03c525719,42,45,1971.55,43.812222222222225,4.155555555555556,-10.8711216563786
91f5779a8731baca4809fdeade81803f,6,6,1971.46,328.57666666666665,3.8333333333333335,-12.030501543209876
f41ce2e25237f9092cd8e6e7516c7a2f,26,27,1961.9,72.66296296296296,4.444444444444445,-13.567627314814814
bf84056e679dbe9c69929847a40e338f,35,38,1918.08,50.47578947368421,3.763157894736842,-5.742962049220273
93b9a99027bd8bd6af682aff18dd19bf,19,20,1916.0,95.8,4.157894736842105,-16.792166666666667
cd843d4cf8ef32827de0396605163ba3,5,5,1915.0,383.0,3.8,-5.441900462962963
9dda5bbacd45e18d6485fee649205d09,19,22,1912.6,86.93636363636364,4.2272727272727275,-8.250798085016836
901b460cdce0c64e471230d7f2f9f3a3,5,5,1904.0,380.8,4.4,-18.202733796296297
6df688df543f90e9b38f4319e75a9d88,39,55,1891.76,34.39563636363636,4.509090909090909,-14.651089015151515
112453736dbe3889cfb74e1aaa0ba0c1,7,14,1890.0,135.0,4.071428571428571,-7.468445767195767
5ab05b6d86d417796c69ffd6774ec832,10,12,1886.1,157.175,3.6666666666666665,-12.762262731481481
65b081a070633e057c462abdd6fb9dd8,19,20,1885.09,94.2545,4.35,-16.96219386574074
5debea795b07621e1f90532e18f96145,25,33,1883.78,57.084242424242426,4.2727272727272725,-16.642483515712684
4c8b8048e33af2bf94f2eb547746a916,19,23,1882.45,81.84565217391304,3.4782608695652173,-3.305494665861514
e24d3429d294b2eb200b064ebb035879,19,22,1878.58,85.39,4.136363636363637,-10.044927925084176
5b33b527da3c5b969cc99dc435cad09a,16,17,1872.79,110.16411764705883,4.117647058823529,-13.28827410130719
abbf6046bbdf1028606a5bc7f00c99e7,6,6,1867.25,311.2083333333333,4.666666666666667,-16.407260802469136
95ec4458365c4d11f452ccf538377619,27,31,1866.76,60.21806451612903,4.266666666666667,-11.970567129629629
4e5725ba188db8252977a4f0227bd462,21,24,1865.09,77.71208333333334,3.5416666666666665,-2.0119603587962964
daeb5653dd96c1b11860f72209795012,38,39,1864.1,47.797435897435896,4.269230769230769,-10.709582739791074
3e8bd881d92466e63ba9e3e809cd3c50,8,9,1862.38,206.9311111111111,4.625,-6.805657150205762
0417b067eeab773d2f7061a726dc477f,13,13,1859.18,143.01384615384615,3.923076923076923,-3.1938310185185186
c8467937e403e76a8ee9f0ab13f6f5ef,30,33,1853.79,56.17545454545454,4.133333333333334,-8.789992985409652
8c3b533c63cca56240f94f1e3a6b18ef,3,5,1849.5,369.9,1.6666666666666667,13.396622685185186
30c7f28fd3a5897b2c82d152bb760c17,6,6,1849.38,308.23,1.4,-1.8073456790123457
a4bd6e9adf39b63f43dc545d3ca1f53d,4,5,1848.59,369.718,4.6,-15.232879629629629
74bafed391319577bce6f4d2acc0589a,3,3,1847.0,615.6666666666666,2.6666666666666665,-11.876979166666667
272f092de69afedd4d2969440b37f18f,25,39,1846.33,47.341794871794875,4.0675675675675675,-15.352819622507122
3a4127e1ba7208ea37044c5092aae170,5,5,1842.7,368.54,4.0,-12.981344907407408
ffeee66ac5d5a62fe688b9d26f83f534,14,14,1839.86,131.41857142857143,4.214285714285714,-7.662857969576719
7ade73f1b9b4e965f9009a4c3a7e2c15,26,27,1835.3,67.97407407407407,4.777777777777778,-12.83602580589849
6a38087bc8ad4f89ff453561005f6dea,15,22,1833.43,83.33772727272728,4.409090909090909,-11.120731271043772
c679fb69a36e1d8349e8c50a217b4d58,14,17,1825.68,107.39294117647059,3.5625,-8.917937772331154
55bb6fe5bebe5012e2d7d9928e1128ff,15,16,1816.55,113.534375,3.5625,-8.614311342592593
a5a1bfcf728ab0e19182959cf0771ee4,21,24,1812.96,75.54,4.291666666666667,-10.074916570216049
729b2d09b2a0bdab221076327f13d050,48,60,1805.21,30.086833333333335,4.583333333333333,-12.311163966049383
5b85809efd0d0e4dea1a9544e1280ed9,12,14,1804.6,128.9,4.357142857142857,-16.260590277777776
411f3b52d857390502ee4e4d5ceabc2d,21,30,1804.01,60.13366666666667,4.2592592592592595,-6.25835300925926
7fdb0720c8d7c9075538b365dc8c3a22,9,10,1804.0,180.4,2.4,-14.62673611111111
2ff6b7bff164ef05590a52734e1296da,7,7,1803.59,257.6557142857143,4.714285714285714,-14.390922619047618
15fa791d5e017f66402dc28c44480657,8,8,1802.0,225.25,4.25,-7.887003761574074
c3e1abd72a42fe690fcd89cf5720fe29,13,13,1798.61,138.35461538461539,4.461538461538462,-10.697408297720798
1976a05ecf2996d6ffb7b5430e635fe7,8,9,1796.2,199.57777777777778,4.0,-7.413405349794239
a36b125ac6d5fdbc7f50de85c9157bdc,23,25,1793.65,71.746,4.04,-9.902068518518519
406740ee611378a662d274c7d8c43c4a,8,10,1790.0,179.0,4.1,-5.770439814814814
fa3a0b5aabb344b9a92e3524b0202123,7,7,1789.0,255.57142857142858,4.142857142857143,-13.88691798941799
293dee954235e4e4e43f129313625ebe,8,8,1778.92,222.365,5.0,-16.984992766203703
07bf9669d84d1f11be443a9dd938f698,18,24,1776.0,74.0,3.25,-18.39480999228395
d97df38225e5abadaff1e72cb72b823c,28,28,1776.0,63.42857142857143,3.925925925925926,-8.615176917989418
3481aa57cd91f9f9d3fa1fa12d9a3bf7,25,25,1773.03,70.9212,3.88,-16.294072222222223
ca4b77513ac2040591b0d8fae6958380,14,15,1772.45,118.16333333333333,4.466666666666667,-2.3764182098765434
d5b9a084373da994a6e37f732169a853,7,7,1769.0,252.71428571428572,3.5714285714285716,-5.522440476190476
1690cada046eb7e92c12f98b1f8a8167,10,10,1760.0,176.0,4.9,-13.461581018518519
f63d8f293af3a6454377546bd9dd19ff,17,28,1751.82,62.565,3.8214285714285716,-9.04124007936508
cb810bd318f51b3dc3c753944d61a1fa,1,1,1750.0,1750.0,4.0,-26.07744212962963
dd4d95ba2d15c071e6c695e2ef6ce169,4,4,1748.0,437.0,4.25,-3.310486111111111
4bf658053d453036c70976bccb2c31b2,2,2,1742.99,871.495,4.5,-7.808576388888889
c8417879a15366a17c30af34c798c332,25,35,1734.7,49.56285714285714,4.029411764705882,-9.295075066137565
198c7ea11960a9844b544d9bcdca860c,25,25,1733.75,69.35,3.88,-10.203111111111111
dc8798cbf453b7e0f98745e396cc5616,35,43,1733.0,40.30232558139535,3.488372093023256,-8.757740363910422
6ddc28b61be28373b4503a1f61cf98a9,11,11,1732.9,157.53636363636363,4.181818181818182,-7.216917087542088
c5f7feb04a6a1fb3596322bfc3cf1917,11,11,1720.6,156.4181818181818,4.2727272727272725,-7.964041456228956
d3674f271c91f824f82d24d92011f669,20,20,1718.3,85.915,4.1,-10.739037037037036
a70e9066dbfd10b6b97a3f54a1356762,2,4,1716.0,429.0,5.0,-8.0459375
8378eb36b6b70c5734e83ad7b8cdc3b7,7,13,1714.8,131.90769230769232,3.769230769230769,-10.527563212250712
7139dc5186aa238b006e066d8fbab2e4,22,24,1712.0,71.33333333333333,4.086956521739131,-10.584724633487655
dfc475d54e1b6dbeeb7d7d9bdaa63827,18,20,1708.37,85.4185,4.55,-14.720323495370371
656591be56071d4c9ef4e5fee78a578a,7,11,1702.0,154.72727272727272,4.636363636363637,-4.954296085858585
244b04680fdbded0acf5aebd9c92b44a,2,2,1701.8,850.9,1.0,5.128229166666666
6b1c4d4d9ccf0be3d8544eb0e71e5318,1,1,1699.0,1699.0,5.0,-13.178055555555556
731ef20c231d9a7103a425e83fd91271,2,3,1692.0,564.0,3.6666666666666665,-14.56076388888889
3ca08eeb8d5595949fed424bd3677742,13,13,1688.88,129.91384615384615,4.6923076923076925,-13.673532763532764
f9903dd0f812c7e771fcad47b6fff231,10,15,1684.85,112.32333333333334,2.933333333333333,-17.464239197530866
3935fe5fe0f82787a9dcb8deb62be09d,16,17,1681.69,98.92294117647059,3.9411764705882355,-9.852650462962963
bafc5aa11e413978be29040f51342e70,9,9,1679.55,186.61666666666667,3.7777777777777777,-11.484389146090535
e64d65bc8dbec2accda90c58de5d1246,12,12,1678.8,139.9,3.0833333333333335,-6.69032600308642
0b18d63d0cd1d723567903fd34a07df2,9,14,1678.14,119.86714285714285,4.785714285714286,-15.036487268518519
0ac4201fda2c68ebc0e47cb9423cf3c9,13,14,1676.88,119.77714285714286,4.285714285714286,-11.568168816137566
1dc2de47ee26a0a5b12dc14fd6dc0dea,25,27,1670.3,61.86296296296296,4.518518518518518,-8.222050325788752
77fccaae319668a8ab6cd0fd16aec48c,11,12,1667.0,138.91666666666666,4.333333333333333,-10.774919945987655
7586919161935337bf6b6d7ff5779648,11,18,1664.71,92.48388888888888,3.1666666666666665,-6.0995826903292185
5f67c6082caacb26e431a7b17940cece,13,14,1662.6,118.75714285714285,3.5714285714285716,-1.1207051917989417
53b0300ca793f9834cd69c0678d35ee8,5,10,1662.15,166.215,5.0,-13.944270833333333
a1040efe9ff4a6f93c28b0499eada8f5,1,1,1658.83,1658.83,5.0,-14.13292824074074
25cf099de44674fde97473224f9d59ab,50,50,1654.36,33.0872,4.326530612244898,-12.23325300925926
df0f42bc4c2142eacf0eaf2cffd0cfbb,14,16,1654.0,103.375,4.0625,-8.865519386574075
b2a6d334e2833acea353624840e25a0e,25,26,1650.98,63.49923076923077,4.5,-16.282952724358974
26e2c91ef821e1ff8985f408788fe35b,12,14,1649.4,117.81428571428572,3.0,0.05797949735449735
edc518ba25576a0188a0e8f2c3af186f,6,8,1647.39,205.92375,3.5,-7.410839120370371
0887a9f087bcd5d9f6642b52f897fc6c,12,12,1642.0,136.83333333333334,4.416666666666667,-11.862310956790123
e2c92f9c1c7746d899d18f2e158bbff7,12,12,1641.9,136.825,4.583333333333333,-9.380104166666667
5b581417df4480f632484ba681e53944,11,12,1641.6,136.8,3.5,-3.5893663194444443
7a2d2949aea47fab95fd98d6c9f618b1,11,12,1638.99,136.5825,4.25,-17.212736304012346
2a6fbeaa7ab9e5d59a35841a8da71ce4,30,30,1632.79,54.42633333333333,3.9310344827586206,-12.08352237654321
1dfe5347016252a7884b694d4f10f5c4,20,26,1632.5,62.78846153846154,3.1923076923076925,-6.9838666310541315
f1ed6bd0a9b11b581f16c851c6a5a527,17,18,1622.77,90.15388888888889,4.444444444444445,-8.54221965020576
15cd6eefe58588619aaed41dfa6621b1,16,18,1622.74,90.15222222222222,4.333333333333333,-10.338139789094651
b0f2a6122a90a93eb03e68653dd960e3,6,7,1620.3,231.47142857142856,4.857142857142857,-17.112127976190475
013900e863eace745d3ec7614cab5b1a,23,26,1619.7,62.29615384615385,4.730769230769231,-15.359030448717949
cb5df0dcb9e280b1780e9d589889f2c7,11,12,1614.88,134.57333333333332,3.5454545454545454,-15.772718942901234
8daab2245ebdc277c51098d01c5ad8ef,16,16,1604.59,100.286875,4.625,-16.579403935185184
427165bf50f8ca07efc7bdc2bfcf1688,5,5,1603.5,320.7,3.2,18.573574074074074
7813ea3ebd9411dc600b4dd01f7a97b9,9,9,1599.4,177.7111111111111,3.888888888888889,-9.242892232510288
850857dfac77488c307e2b1cbd84ab5a,1,1,1599.0,1599.0,5.0,-25.19550925925926
8a1ff5c35f6595a73fef4c7b96e4908a,2,2,1598.0,799.0,5.0,-18.66705439814815
081acf3de680d554796c9cf041be7bc2,4,8,1597.3,199.6625,4.125,-17.373774594907406
41b86b552e54e3a7009596125aa8b167,10,11,1595.3,145.02727272727273,4.363636363636363,-17.33787878787879
8a2d12a90e92f012ce5226fc6592b653,18,18,1594.65,88.59166666666667,4.588235294117647,-15.177453703703703
70f84699be677ec988d1fa824aef7d90,5,5,1588.3,317.66,4.6,-9.732756944444445
845e8036c3f7bf62099352f5ed910240,21,24,1584.6,66.025,3.8333333333333335,-12.768772665895062
f3c38ab652836d21de61fb8314b69182,15,15,1581.0,105.4,4.266666666666667,-10.367152777777777
392e0502231ae2f8b29994ef6398cd77,17,17,1572.9,92.52352941176471,4.352941176470588,-7.350656998910676
5075aaa8404020ae6aa8bf4792099b41,10,15,1572.88,104.85866666666666,4.133333333333334,-9.603208333333333
134285d1f41da5c13a756ee8142c8a4e,3,4,1572.7,393.175,2.75,-9.952960069444444
1660ad786c27fd935378b6192a90b417,12,13,1570.0,120.76923076923077,4.615384615384615,-9.997476851851852
c4fb51fb1c5b7c07bc5e67be6e7e8f6e,15,16,1567.9,97.99375,3.5,-10.466419994212963
9b00ed88b7fdb95d6ff76e27c1b52d16,46,50,1567.88,31.3576,4.58,-9.733468518518519
47648caee88ccfe951fbb27fbf7b4cbe,3,3,1564.99,521.6633333333333,3.6666666666666665,-5.22613811728395
02c988090b766852e088c69d7fb3b551,12,16,1564.37,97.773125,4.6875,-10.207502893518518
39d54ff918774174706fb065d7f9dc07,22,24,1554.69,64.77875,3.9166666666666665,-11.609332561728396
817f85dbb65aa3e70831d90fe75cdf89,11,11,1552.27,141.11545454545455,4.545454545454546,-24.933354377104376
0eaa7e33d73809f1f925f7d07c506cbd,15,15,1552.0,103.46666666666667,4.714285714285714,-14.114783179012345
3785b653b1b82de85ab47dd139938091,21,24,1552.0,64.66666666666667,4.75,-18.496389371141976
78a4d36f65a019172c6154468831a69f,7,7,1545.5,220.78571428571428,4.285714285714286,-10.76633597883598
49cdc90518a4f82676b38b3c1aa43ff6,5,5,1539.5,307.9,3.8,-10.340064814814815
06bb3a2fe5e7b7a845b13e8fb91bd944,17,18,1536.19,85.34388888888888,4.611111111111111,-13.093602752057613
cbf09e831b0c11f6f23ffb51004db972,10,10,1535.2,153.52,4.4,-12.743079861111111
3a490ba60afa30ece0e7d50cfe74a4f0,8,8,1529.2,191.15,4.625,-12.246137152777777
ffc470761de7d0232558ba5e786e57b7,27,30,1529.13,50.971,4.3,-11.00134413580247
5bf397d04035b5f45cc41e82ec106803,3,4,1525.0,381.25,4.25,-20.497340856481483
3586b8580d9c917874e053a1bb37b5ff,36,43,1524.7,35.45813953488372,4.441860465116279,-16.310960648148146
a7c88262832dfc683781d6a421edefae,5,5,1520.0,304.0,4.2,-11.366541666666667
866558b3bccef2dbc6d29a2b5995016f,5,6,1519.4,253.23333333333332,4.666666666666667,-12.542189429012346
094ced053e257ae8cae57205592d6712,19,19,1519.2,79.9578947368421,4.052631578947368,-14.948047636452241
f5f1f2c5f923f36ad79ea1d07185ddc9,10,11,1517.77,137.9790909090909,3.4545454545454546,-7.928001893939394
1dd33b8119b3cb1056ed5dc88cd0aaf4,8,8,1513.0,189.125,3.75,-15.002196180555556
a23266650e7c84bb93fbbba502137478,11,16,1512.4,94.525,3.25,-17.922121672453702
b33aaadd1a8891d2dfef0c4c3bdf0371,16,17,1504.0,88.47058823529412,3.764705882352941,-8.610630446623095
d354c38a7182125a748cb10474fe963b,17,19,1500.34,78.96526315789474,4.388888888888889,-12.229934210526316
714b9a1332840f257b49f476bea4e341,6,6,1499.94,249.99,3.3333333333333335,4.745906635802469
9a03a4e9eb0b947652fae4f6121a3f5e,7,7,1497.0,213.85714285714286,3.857142857142857,-13.841944444444444
c7b7db6c8f3c64a7cc1afa634db21d50,1,1,1489.0,1489.0,1.0,16.650462962962962
659e8466eb3ff1b0e8740d74fb7bbedd,11,14,1486.8,106.2,4.5,-19.175770502645502
2a61c271b1ac763450d846849783e922,17,22,1486.77,67.58045454545454,3.6818181818181817,-6.542256418350168
b6e1504972665f739dec4facb9943775,14,14,1484.48,106.03428571428572,4.357142857142857,-8.227896825396826
9da1ca0bef29ee170e541927a5aeabdc,6,6,1484.4,247.4,3.0,-5.728290895061728
f918546be4bec7104d117789ba758b2b,20,23,1483.0,64.47826086956522,3.8260869565217392,-9.572882447665057
9b522ba7eae9e1d04082f267144583cc,3,5,1478.6,295.72,4.8,12.952828703703704
6806dad1da97bfb5a9038eac6881f706,10,14,1477.0,105.5,3.9642857142857144,-13.221434358465608
4d232b78ab7ef10393dc3807d827bc0d,5,5,1475.0,295.0,4.4,-11.881342592592592
e256a62e0ac58c0edfba09966142d561,12,14,1474.11,105.29357142857143,4.5,-15.970782903439153
5e105f5c9f63f5f1fd75d6cb942e55b1,8,8,1471.9,183.9875,4.5,-6.105403645833333
7ecd59e5e20407131822c1a68ac59c1f,24,29,1466.71,50.576206896551724,4.482758620689655,-11.089963282247766
01ed254b9ff8407dfb9d99ba1e17d923,5,5,1465.99,293.198,5.0,-16.23402777777778
4ba52dfeba874da5b9ee7b17c7494f04,11,11,1463.0,133.0,4.363636363636363,-10.952910353535353
1284de4ae8aa26997e748c851557cf0e,3,3,1459.97,486.6566666666667,2.6666666666666665,-8.335586419753087
5145090ab595c0d0b8557199f5701fbf,4,4,1459.6,364.9,4.25,-24.67326099537037
97512d3fc193b2d1dfcdba0f9d1f0f8a,12,13,1458.87,112.22076923076924,4.3076923076923075,-7.808452635327635
d7827b2af99326a03b0ed9c7a24db0d3,1,1,1455.0,1455.0,5.0,-12.346539351851852
52f0fe436a347ddad7ed5f9aa4e27eaa,19,21,1452.49,69.16619047619048,3.4761904761904763,-6.679248787477954
a414555ce331b8c8aea4a9cb8395194d,7,8,1450.95,181.36875,3.5714285714285716,-11.31004050925926
0ad80de75c811326389cfb1daba7d45e,6,6,1449.4,241.56666666666666,5.0,-11.758626543209877
1b8b75e227c9a9c100d0c210fb6176ce,15,15,1444.87,96.32466666666667,3.933333333333333,-18.92837114197531
2dcf93836ae3ce0d7c93e2f10876467a,9,12,1443.8,120.31666666666666,4.166666666666667,-8.46911361882716
dace965ca58120f92f8d742a9fa1864b,8,8,1442.0,180.25,4.625,-10.361300636574073
d1ef48b38baca7e831711c4a0aeb398f,28,34,1439.13,42.32735294117647,4.529411764705882,-14.823306440631809
66fd84ee7528c0c0de85d0f44a73d5ab,11,21,1438.11,68.48142857142857,2.9047619047619047,-16.985791997354497
5b0cc932433fa5184b5b94bfe6bcc256,12,17,1437.8,84.5764705882353,3.4705882352941178,-8.086074346405228
3771c85bac139d2344864ede5d9341e3,26,30,1433.3,47.776666666666664,3.566666666666667,-7.644211033950617
ec933281fb017b5020d06df29c3f77e8,8,8,1432.0,179.0,5.0,-12.67357494212963
c5f7e746b7e6d07def6c0dae9903279b,10,11,1429.0,129.9090909090909,4.454545454545454,-16.41113320707071
0aea4c6ae1505b3228ddf3dd7822ee5b,8,8,1427.91,178.48875,3.875,-5.943143807870371
f5f46307a4d15880ca14fab4ad9dfc9b,9,10,1422.94,142.294,4.0,-10.61399537037037
491a5ada3aa1678414e990262c4bbdc1,1,1,1420.0,1420.0,5.0,-11.695277777777777
0b0ddbc7b9d9584f442c7ac92b0ff6c9,3,3,1416.76,472.25333333333333,4.666666666666667,-17.139070216049383
010543a62bd80aa422851e79a3bc7540,2,2,1416.0,708.0,4.5,-7.753888888888889
af3ef48d0e13835e529c29ac573c63e5,21,21,1405.63,66.9347619047619,3.761904761904762,-10.687555114638448
921323538c9f1c4e816f2720eac02bea,15,17,1401.84,82.46117647058824,4.0,-8.617637527233116
8ff1a9df749e454105c55cda13e79143,13,14,1400.6,100.04285714285714,3.727272727272727,-9.294878472222223
d4ffeb15b67e81ff9af2b4252d99fb7e,11,12,1400.4,116.7,4.3,-12.416492091049383
d4e12e7884759a14fa0f5f896c791cae,29,32,1400.0,43.75,4.625,-11.587587528935185
04843805947f0fc584fc1969b6e50fe7,1,2,1400.0,700.0,5.0,0.6587615740740741
b8114f2f589a6804810f04f99b36b498,8,11,1399.62,127.23818181818181,4.7272727272727275,-10.546150042087541
01bcc9d254a0143f0ce9791b960b2a47,10,10,1393.21,139.321,4.4,-17.622724537037037
d9a84e1403de8da0c3aa531d6d108ba6,53,58,1385.3,23.88448275862069,4.620689655172414,-9.237661637931035
8e2b3afb420011ef0c88c9d5f11ea526,11,11,1384.5,125.86363636363636,4.2727272727272725,-10.062599957912457
e7f3bf1ecd8526eb7f3b18059e6716e5,17,18,1382.04,76.78,4.444444444444445,-14.849501028806584
88cf19ec1fc2c58f161aee259d57142c,14,14,1372.97,98.06928571428571,4.5,-12.584605654761905
6eb94e1466490d327a09abf8f3552a50,9,9,1372.95,152.55,4.75,-9.803771862139918
8185694b58b2ba6de20fd41ae608bbea,8,8,1372.3,171.5375,4.5,-10.069923321759259
431050a06a317f2b38168dec3dcd2b46,10,10,1370.0,137.0,4.5,-13.318586805555556
985c92cc412091f8529c12d7f23d3fef,12,12,1368.5,114.04166666666667,4.75,-13.350291280864198
0bebbb2cea103a4a020c95d43fd7d754,9,9,1367.2,151.9111111111111,4.888888888888889,-9.713931327160493
2e1a7d075abe038c1b2743005fe42ff1,18,22,1366.8,62.127272727272725,3.8181818181818183,-5.369231902356902
556a6409838156ea299c9d1f9e2dde43,4,4,1362.8,340.7,3.25,-12.883590856481481
36890be00bbfc1cdb9a4a38a6af05a69,13,13,1361.3,104.71538461538462,4.230769230769231,-10.895387286324786
2f73e04d12cdf0c945ded66bb3fcf6c7,3,3,1359.0,453.0,3.3333333333333335,-17.310015432098766
fe701d88b67eaca109dffd464d1be9f9,10,10,1359.0,135.9,4.3,-15.198549768518518
091065b789659bc3cd9af9cb3a6253ff,2,2,1359.0,679.5,3.5,-10.104918981481482
42ef3192a9ff87a22d1867b74b3ee205,23,23,1354.09,58.87347826086957,4.6521739130434785,-10.245952093397745
9f50216bfd01913736a55a11b55ea842,17,19,1354.0,71.26315789473684,4.473684210526316,-7.003806042884991
81336a0f57a33776419727a300249e90,15,18,1351.9,75.10555555555555,3.8333333333333335,-7.413786008230453
b9a03475e6447e631b6799ec8274800f,10,11,1349.1,122.64545454545454,4.2727272727272725,-20.587772516835017
c3ee2331a724e6fc02c4b698b57a73f3,2,3,1347.0,449.0,3.0,-7.386793981481482
7e26c750b4cb9f6766f58265ff9ebe95,23,27,1344.3,49.78888888888889,4.407407407407407,-13.400247342249656
b43d8b707f887a30f4675391098354a0,3,4,1342.0,335.5,2.5,-10.239363425925927
02dcd3e8e25bee036e32512bcf175493,13,15,1341.9,89.46,3.933333333333333,-5.264409722222222
186cdd1b2df32caa72cfb410bba768d3,6,6,1341.45,223.575,5.0,-27.6348649691358
5a425cc503b39b262a847fd6212bf53b,14,14,1340.6,95.75714285714285,4.461538461538462,-9.118611937830687
8ea394aed8138685abe1eb9f25e1021d,2,2,1340.0,670.0,4.0,-8.751157407407407
89c127985a8b130cfa45c1d36764017a,6,6,1334.67,222.445,3.4,-13.675765817901235
7357b52d27cbaa90f81a96cbc1279396,12,12,1328.02,110.66833333333334,4.333333333333333,-8.498123070987655
3faf68a3b0af94b10bac70d86077be49,7,7,1322.93,188.99,4.571428571428571,-29.902915013227513
5d9f3746e112e696f98ea22c56b3e912,1,1,1322.64,1322.64,5.0,-16.19675925925926
e439f7176d763f92de325271111b2fd5,6,6,1320.9,220.15,5.0,-8.437262731481482
d2e753bb80b7d4faa77483ed00edc8ca,14,15,1320.7,88.04666666666667,3.7,-14.923754629629629
2bd05d410a8fd26dc4184a15f4f2f588,6,7,1316.73,188.1042857142857,5.0,-17.80137400793651
5151aea44289d6c6b090ee31c2132508,7,7,1315.3,187.9,1.8333333333333333,-26.51064814814815
4eb61f060e7dcc1d5a80d806c35cc541,8,8,1313.0,164.125,3.875,-12.50433304398148
c794dab4928dd97beb41d05514441e86,16,16,1312.4,82.025,4.375,-6.7090870949074075
863d2ebcd347ce4922de7a0f9a5581d6,17,18,1312.36,72.9088888888889,4.111111111111111,-9.924328060699589
f4a04f7be452aa3bb31760bf00055dd0,18,18,1312.1,72.89444444444445,4.666666666666667,-19.179881044238684
626ab1cd96932367f0eeec2e47046c12,3,3,1310.0,436.6666666666667,4.666666666666667,-13.203672839506172
7f40d06aa0b5f1aa4f41af8c0480e2ef,6,6,1309.94,218.32333333333332,4.833333333333333,-9.496554783950618
9a1aea68d3efa00862ec88c0768037d0,7,8,1309.2,163.65,4.375,-10.888302951388889
a13580f0e8f782b7a543885a0ef99f08,10,10,1304.9,130.49,4.4,-7.810491898148148
83b08de96980757220871b31bf6cffca,5,7,1304.17,186.31,4.285714285714286,-4.236382275132275
542917da124346b47ea1ac79a93ce454,20,20,1303.9,65.195,4.15,-13.289794560185186
45a3d05fb00435e52a28859dd03703b3,1,1,1299.0,1299.0,5.0,-4.524479166666667
56e361f411e38dcef17cdc2a3d99628b,5,10,1298.0,129.8,4.5,-11.300277777777778
d101c6da914ae3d53f7bee42283f2fe2,13,16,1297.4,81.0875,3.8125,-20.761199363425927
51ed72984a04e5dd35c2b27e77179038,7,7,1294.3,184.9,3.5714285714285716,-8.997132936507937
b9ca8e8baa5d4aa038394a700f63e69f,14,14,1289.77,92.12642857142858,4.214285714285714,-8.377336309523809
25e47381a6c510ddeb36084e33b89f0c,16,17,1289.6,75.85882352941177,4.0588235294117645,-12.541963507625272
141440cad9341e553f8401c574a2aa38,11,12,1288.2,107.35,4.166666666666667,-20.635255594135803
e63e8bfa530fb16910dd6956e592bb81,41,42,1282.8,30.542857142857144,4.333333333333333,-13.00101879409171
e3d3b3efac954a60d61be70b7e05b49b,3,3,1282.05,427.35,4.333333333333333,-17.151952160493828
4eeb99008a0f59d2c7759c59f9a346eb,2,2,1282.0,641.0,4.5,-11.819050925925925
269cff2d3c8d205c11f37a52402ea93b,4,5,1281.59,256.318,4.4,-8.653736111111112
a478c7961d6a992065b24e63b366f90b,8,9,1281.5,142.38888888888889,4.888888888888889,-16.302116769547325
5795aebfe331fbcd02a2c4b679fb7952,6,6,1280.0,213.33333333333334,3.8333333333333335,-15.09856674382716
fec8cd45395b3cb0c2b173d7739706a1,4,4,1280.0,320.0,3.75,-10.577748842592593
bb5d956dece964a06c12bceb66b923ae,2,2,1278.36,639.18,5.0,-12.528998842592593
fa74b2f3287d296e9fbd2cc80f2d1cf1,5,5,1274.49,254.898,3.2,-4.815486111111111
3f8034bfc6b8b4135534975d49f04c63,11,14,1273.9,90.99285714285715,3.357142857142857,-17.214122023809523
718539d38d07dd351c76db862760e2e2,35,43,1273.01,29.604883720930232,4.488372093023256,-13.401256729112834
128f9bfbe4c7d5185033914b1de3d39a,13,15,1267.39,84.49266666666666,4.8,-12.825000771604937
c8c1bea22194a4eefa2dc9a9fa89f536,7,13,1266.0,97.38461538461539,5.0,-23.977686075498575
2646baaf662d4d92ac48f047e35db92d,15,18,1263.05,70.16944444444445,4.555555555555555,-10.897836291152263
9ed65337433adfbedefd23dd76eaa494,6,6,1262.6,210.43333333333334,4.833333333333333,-9.696184413580246
da7039f29f90ce5b4846ffc0fcc93beb,17,18,1259.1,69.95,4.555555555555555,-11.026084747942386
9140bd1d9de28b197dce077bdd687438,6,8,1258.87,157.35875,4.125,-7.4308029513888885
8a9260f2b0340411d6d2a56bcf4f7378,8,9,1256.0,139.55555555555554,4.777777777777778,-9.401024948559671
b8578d2d823bd8e251f6fdd02b40902d,9,9,1255.6,139.51111111111112,4.444444444444445,-21.50218621399177
734def04b237117a09321dd6d8f3f2a2,2,2,1252.43,626.215,5.0,-15.636481481481482
402916f742e5c740cc751493d9cf5053,9,10,1252.0,125.2,4.7,-18.451939814814814
30a81d8cf85fb2ada1b1b094c9583a95,17,20,1245.42,62.271,4.85,-7.0066145833333335
3fac58ce0ad699020c7944d53c41329c,10,16,1244.95,77.809375,4.5625,-6.283454861111111
671585f5a2af58b6e276bc01003c0d2b,27,27,1244.0,46.074074074074076,4.703703703703703,-13.25428926611797
5d76d80a2f5f39c891b996a1bf4c9853,6,6,1238.5,206.41666666666666,4.833333333333333,-9.732384259259259
67225bff54a172ff67579aaf583efd78,8,8,1238.0,154.75,4.5,-10.5734765625
058cb5aeb36d7c0fcae20fc85d5e0a59,11,12,1236.0,103.0,3.5833333333333335,-10.806592399691358
4fb41dff7c50136976d1a5cf004a42e2,3,3,1230.0,410.0,4.0,33.818136574074074
a36ac007a4d18f865c8d32c3b2402c2d,8,8,1229.79,153.72375,2.75,-22.681164641203704
7daca0837f033a41a6f3428c18657533,7,7,1228.98,175.56857142857143,3.5714285714285716,-4.736638558201058
2d518637f53161b973e01f56ea4bb88e,13,13,1219.89,93.83769230769231,4.923076923076923,-20.82869925213675
9c4d31c7e46ab03a43fc06e3142afd4e,2,2,1218.9,609.45,4.5,-7.348015046296296
7a425d299613df3e613bcf9d2eaf5c49,18,18,1218.8,67.71111111111111,4.111111111111111,-11.4067566872428
52f9db5cfb423382a2fa5c9e39303202,21,22,1218.78,55.39909090909091,4.318181818181818,-13.928087121212121
2cb6eb1b7185064167657fa09f541105,6,7,1217.9,173.9857142857143,4.571428571428571,-12.103639219576719
002100f778ceb8431b7a1020ff7ab48f,50,54,1216.6,22.52962962962963,4.037037037037037,-7.395118955761317
093805f8f2aeb63881444571e1f48f30,22,27,1215.79,45.02925925925926,3.814814814814815,-10.04111111111111
f9d010e39375d9c91dce3f40b73a2f84,4,5,1212.0,242.4,3.0,-4.677266203703704
f08c008c8a8d31417763738a1788a2a8,20,21,1211.92,57.71047619047619,3.3,-6.053402226631393
788e857f317e53de488d393e65a80f45,11,11,1210.0,110.0,4.909090909090909,-13.11110058922559
6426d21aca402a131fc0a5d0960a3c90,23,23,1209.64,52.59304347826087,4.173913043478261,-12.87293830515298
b566ab0ef88016e00422755e305103c6,5,5,1208.0,241.6,3.2,-8.09044675925926
01fd077212124329bac32490e8ef80d9,31,39,1208.0,30.974358974358974,4.3076923076923075,-11.213219076448244
bc07d855eac23aab5ac8a120f21d16b2,11,12,1202.62,100.21833333333333,4.416666666666667,-10.052173032407408
7238f877570096ae403c51898fa64566,3,3,1200.0,400.0,5.0,-15.343456790123456
6bef34c5be6f2bbd70aa5165f6df94b1,2,2,1198.0,599.0,2.0,-9.485827546296296
11fb6f6d341adbe19e81733701704635,3,3,1197.0,399.0,5.0,-6.647939814814815
a20d8058c866dbaeca014d2cd20ac62e,2,2,1194.0,597.0,5.0,-2.6066493055555555
f235413f677777a0738ff215d0184901,2,2,1191.98,595.99,5.0,-32.426695601851854
d8c7ba53e7e38711eaef8c2849d6d2e1,22,22,1190.87,54.13045454545455,4.5,-17.828232323232324
700f03c207639c22d933381ff60b35c2,4,4,1189.86,297.465,4.0,1.1875173611111112
c0098efcf800861dcae589affca31408,9,9,1189.28,132.14222222222222,4.777777777777778,-10.263711419753086
1710c3aaa9c6b44ec3883ee0fe300e21,2,2,1188.9,594.45,5.0,-8.234936342592592
c273175f7c6c80fb02f051e2fc6d0d72,14,14,1188.23,84.87357142857142,3.7857142857142856,-11.740088458994709
1dcfa3835714681d4ba4a93bc1e0fd41,12,14,1186.6,84.75714285714285,4.076923076923077,-14.759961970899472
439a47cc365d6e3bd526812ea9de3c29,8,13,1186.5,91.26923076923077,4.0,-11.88321136039886
0afccdb8a34ee5c79f7c06faf2b4d56e,24,24,1185.6,49.4,4.086956521739131,-9.689338348765432
3092c0b297aacfb4bb6e056ebe13b9b8,16,17,1184.3,69.66470588235295,4.176470588235294,-26.270293436819173
a5259c149128e82c9d6d46e0c1c812bb,8,8,1182.26,147.7825,3.875,-22.772724247685186
7ff588a03c2aeae4fbd23f9ae64b760d,14,16,1182.2,73.8875,4.6875,-8.821293402777778
2709af9587499e95e803a6498a5a56e9,25,46,1180.56,25.664347826086956,2.6,-3.787164100241546
327b89b872c14d1c0be7235ef4871685,3,3,1177.0,392.3333333333333,2.3333333333333335,9.347430555555556
b1aaae6b66ad3c40f54b389d7ea4bee0,15,17,1176.5,69.20588235294117,4.470588235294118,-18.84502110566449
dbec9a0a7efeff029d4d9dce7dc4cc95,3,3,1170.0,390.0,4.0,-11.271161265432099
f1b854361f4e15d5851b494df66f22b2,3,4,1168.8,292.2,2.75,-12.185821759259259
8629c241b3622ac12cd4118afdc8d394,13,13,1167.66,89.82,4.076923076923077,-13.276194800569801
c8e135e7b21ecbc36c1153a29d2f5a06,7,7,1165.5,166.5,4.857142857142857,-10.465858134920635
5ee7fd217d08dfe5d3e2f51f96a12c9a,9,9,1165.5,129.5,3.4444444444444446,-7.712002314814815
57c764b4a836300be881e2ff86e449f9,28,29,1156.1,39.86551724137931,4.25,-8.78587803320562
d1c7fa84e48cfa21a0e595167c1c500e,12,12,1156.03,96.33583333333333,4.333333333333333,-18.35080439814815
d1b9d4be4b6f9ebd85f8acd6745ba612,11,11,1154.35,104.94090909090909,4.181818181818182,-17.0289414983165
2d378dbb39815785238c0139c7647fb7,2,2,1154.0,577.0,5.0,-17.24980324074074
c35672b10ad50968f567ea3f4b91e877,18,22,1150.57,52.29863636363636,4.454545454545454,-12.650398779461279
5fd924b4836098a5be0ecf81ba054ce0,7,8,1148.8,143.6,4.0,-24.398015046296297
1d2732ef8321502ee8488e8bed1ab8cd,4,5,1148.0,229.6,3.2,-6.033747685185185
d4910f1cdcfdabd48d6b316e395d4a23,11,12,1146.88,95.57333333333334,4.916666666666667,-9.502494212962963
10ff823eda2b032e2c93d17a7d294736,8,8,1144.98,143.1225,4.25,-13.587378472222222
5f3ae9136c875522250f8184f253413a,42,45,1143.05,25.40111111111111,4.5777777777777775,-11.424490483539095
1ca4bdb0cd7fc48e949bac066188ed26,3,3,1140.0,380.0,5.0,-9.802546296296295
5b97c06a046398e7005b2b7c0d707a92,3,3,1139.97,379.99,4.0,-1.8557253086419754
10089e9f2fd0c668a8fd4e52e1698888,3,3,1139.9,379.96666666666664,4.333333333333333,-16.142033179012344
5f26c1408a65b42a7224cd463bdf3292,10,10,1139.8,113.98,4.8,-14.729975694444445
6b89abe95848c850399130d149a39b63,8,8,1135.2,141.9,4.375,-12.976433738425927
5b07547f10dd980738a1a27f685af669,13,14,1134.6,81.04285714285714,4.5,-4.928778108465608
713e3a23ca5e47786eb6f0d99f94cfac,4,4,1126.0,281.5,4.75,-19.37037326388889
138dbe45fc62f1e244378131a6801526,49,58,1125.56,19.406206896551723,3.9827586206896552,-9.269741379310345
ecccfa2bb93b34a3bf033cc5d1dcdc69,12,16,1120.85,70.053125,2.5,-13.072398726851851
c878515173c84a492ebe50d6b493230b,9,10,1118.84,111.884,4.2,-12.602134259259259
cda598c48d7c614bc1cad7d8ff6f0010,17,18,1118.6,62.144444444444446,3.944444444444444,-13.186557998971193
365e445f796710c3431557e85caa25db,4,5,1115.0,223.0,4.4,-15.031743055555555
1b65c144b17e607c0f37f10bb7dfec8d,5,5,1109.5,221.9,2.0,-28.00588888888889
b586cd24c010a13916af621b0325fbba,6,7,1108.94,158.42,3.857142857142857,-14.030044642857144
6c6cc59a5c00cacc5054ca06d65cc282,1,1,1107.0,1107.0,5.0,-16.23702546296296
abc015ebac1d283a323ca9db35ede4b9,12,13,1106.8,85.13846153846154,4.384615384615385,-14.285638354700854
a425f92c199eb576938df686728acd20,16,18,1106.3,61.46111111111111,4.555555555555555,-13.958496013374486
457fe919b032a3f7dadba6fb92cf7855,9,12,1104.89,92.07416666666667,4.833333333333333,-6.17477912808642
48328ec9a579151d9cc6a86d4a59336c,1,1,1099.0,1099.0,2.0,-6.174201388888889
4b39558c138930b9e5489c93b6df5fe3,4,5,1096.7,219.34,4.6,-13.327006944444445
b55638ad525e906c698fa2ce742c1742,11,12,1094.8,91.23333333333333,4.166666666666667,-8.88444637345679
75fbb52eda0cbc24f479d3b2fbfa8d3e,38,41,1094.19,26.687560975609756,4.487804878048781,-13.395277495483288
119d1aef1b4144adba89163f6cd9f5d4,4,4,1094.0,273.5,4.75,-11.337977430555556
8b655f0855926bcb49f5835d38dfddf6,5,5,1089.5,217.9,4.8,-4.971798611111111
e504a4e2efaa45cbff7e268a2c58c956,10,11,1088.9,98.99090909090908,3.909090909090909,-6.527109638047138
f205b1a3ca9a34e0f8a228bae6e4c7b3,8,8,1088.0,136.0,4.875,-9.731280381944444
76ea5315acb3f5f7ade3cd261faf922a,15,15,1087.06,72.47066666666667,4.266666666666667,-10.487684413580247
fe87f472055fbcf1d7e691c00b1560dc,6,6,1085.8,180.96666666666667,4.5,-2.2572820216049383
e48cc16ab70bfa09e1401740dce0b3d7,14,17,1084.83,63.813529411764705,3.235294117647059,-9.584827069716775
39f776d2974049026ff531fc42ef2a3e,3,4,1084.04,271.01,4.0,-21.02314525462963
71dc18fd8cbf5fd77f45dd8b427abb34,4,9,1080.0,120.0,5.0,-17.753888888888888
4091f77d8c768fc3e81c20761471761d,8,8,1079.0,134.875,2.75,-4.733638599537037
4736e9d642ef4257cd7622516931eb51,16,20,1078.87,53.9435,4.15,-13.360026041666666
03a2a6dcbe45d639c4dc2a0d24769c40,9,9,1078.41,119.82333333333334,4.111111111111111,-11.9935558127572
a066df7361163e7ddc5d7452dd17448b,15,17,1078.3,63.42941176470588,4.470588235294118,-7.525074891067538
577719699805dd125d5b6fdde5943bba,8,8,1077.8,134.725,4.375,-15.564463252314814
167fd940acebc789debd6eb418c46e38,5,5,1077.58,215.516,3.0,-8.025578703703705
3d4b1ae7539303b5704493798893e82c,6,9,1076.0,119.55555555555556,4.666666666666667,-9.742773919753086
6562efe88ce0826a4ca4f189f03b4b84,8,20,1076.0,53.8,4.05,-11.44759375
4cf490a58259286ada5ba8525ba9e84a,7,7,1075.3,153.61428571428573,3.4285714285714284,-17.129765211640212
596849622429351f47b32e6cae1055ff,13,13,1069.8,82.29230769230769,4.083333333333333,-9.240332086894586
334cab711dee080b079fa5779b584783,11,26,1069.7,41.14230769230769,4.961538461538462,-13.691357282763533
b18871c324516afa228a13e8f1ef0ae9,9,23,1064.6,46.28695652173913,3.9565217391304346,-10.057585044283414
eb72802c83dc7547529c9546d1a9b8ef,8,8,1063.92,132.99,4.625,-10.83896412037037
8fbd63429be6d3e5e6d1a709b6464802,6,8,1061.4,132.675,4.625,-19.56970920138889
b2eecf5ea250510da76590ca79d60e5d,9,11,1060.0,96.36363636363636,5.0,-12.29950547138047
1464afc72f696af775557a821c2e253f,29,30,1059.36,35.312,4.166666666666667,-12.006940200617285
226b05fe067266c59c15dae208213d06,10,11,1056.9,96.08181818181818,4.181818181818182,-13.165035774410775
55dedd83e501d8248880557d9073cbfd,8,9,1055.3,117.25555555555556,4.888888888888889,-7.868019547325103
9d7a1d34a5052409006425275ba1c2b4,13,16,1054.82,65.92625,3.75,-11.563583622685185
fcf16b7a8697e559f0123190bb30177d,3,7,1052.8,150.4,3.142857142857143,-1.022842261904762
4324dd16853115efb0fd9d0d131ba6f4,12,18,1052.25,58.458333333333336,4.277777777777778,-13.197588091563786
bb135baca94c82fcb731335ad5b04a03,18,38,1049.8,27.626315789473683,2.6578947368421053,-23.6023897417154
49067458c68f7701fd334ce326accbe0,17,37,1047.65,28.314864864864866,3.324324324324324,-13.369639014014014
ea6b12bf9ffe2bac34602ec631d97a47,9,9,1047.3,116.36666666666666,4.333333333333333,-17.03596579218107
1cbd32d00d01bb8087a5eb088612fd9c,11,12,1045.47,87.1225,4.25,-9.504101080246913
c03121937e54a93fcc1825c3098bbb6e,7,7,1043.0,149.0,5.0,-15.823738425925926
89f69225956f951295ca4c7fb1266553,11,12,1041.3,86.775,4.333333333333333,-18.003587962962964
1bc2e21de46adfea6b98cc96b00f3b40,3,5,1039.95,207.99,3.6,-4.660277777777778
633ecdf879b94b5337cca303328e4a25,6,6,1037.6,172.93333333333334,1.8,7.310291280864197
7df1fc11cc5cbc518b39faa60cf5d67c,5,5,1037.6,207.52,4.2,-12.873347222222222
c54679b132454625907c773d273d4126,7,8,1032.0,129.0,4.875,-14.552103587962963
8c5e007d7bd5693fa1386ffefbc99f6c,9,24,1029.11,42.879583333333336,4.166666666666667,-14.203193962191358
8f2b51a30523cdecddc2f179f351c7d6,7,8,1027.9,128.4875,3.875,-16.671731770833333
76c47a299e4a8fe992316a85865acbe9,6,10,1024.46,102.446,4.8,-6.408039351851852
e58a5b390e28abc0b216cfb0e07d27d7,7,7,1022.6,146.0857142857143,4.857142857142857,-18.89833167989418
26785a546900236d66f2e4197c211158,15,15,1019.2,67.94666666666667,4.666666666666667,-17.954417438271605
7aa538dd6e114e503a2e6154ea352253,5,5,1016.68,203.336,4.4,-10.824868055555555
a13aaf2d2886ab9fb30fb9a920160b8f,4,4,1011.52,252.88,4.5,-5.9266579861111115
28872dc528e978a639754bc8c2ce5a4c,1,1,1009.9,1009.9,5.0,-30.005532407407408
5b664594895aefb418afaee6d40a9a23,16,22,1008.8,45.85454545454545,3.6363636363636362,-11.388699494949496
00720abe85ba0859807595bbf045a33b,13,26,1007.5,38.75,3.6538461538461537,-12.015145566239315
fb3cfbc8a86f5d7fbb4d36b8df63f60d,10,15,1007.3,67.15333333333334,3.1333333333333333,-15.949399691358025
980640c45d7a4635885491d077167e4d,14,14,1004.29,71.735,4.642857142857143,-9.597276785714286
ef9952469137ff190bacafe117f51537,5,5,1002.66,200.532,4.8,-16.431497685185185
515d781150feed28a6ac091bb0e3cb8c,6,6,1002.35,167.05833333333334,4.166666666666667,-23.598584104938272
2379bdc3888025689a9deb7b141507d5,9,9,999.5,111.05555555555556,4.333333333333333,-5.024538323045268
41c9d3997dd3c072c31139dc5bb5761f,3,3,998.8,332.93333333333334,4.333333333333333,-9.816871141975309
cb4a705d00e100b9732d0ca34817d441,1,2,998.0,499.0,1.0,-1.9516782407407407
de9727ca376d1be6ec121b110aa7954c,9,11,997.8,90.7090909090909,3.6363636363636362,-18.443153409090908
b5e3e38609125694d2ea2417522a60b7,16,17,995.04,58.53176470588235,4.352941176470588,-7.108473583877996
7c5b05cbdb5542049f38d90d7815b97d,21,23,993.97,43.21608695652174,4.565217391304348,-11.605926429146537
04e38a233f726ef161074ab1c9b0399a,19,24,991.6,41.31666666666667,4.166666666666667,-5.191929976851852
8a43128d7f9a3db592b866e6861a6cce,3,4,990.6,247.65,2.0,-21.22814525462963
7ecef8194babfec876ca720714327841,7,8,990.5,123.8125,4.25,-7.675193865740741
d1582f4043306e6b91afa6a8a884f898,9,9,990.0,110.0,4.111111111111111,-13.760054012345678
6025c79c035c3d772133b8b8238463b2,2,4,989.74,247.435,5.0,-8.050164930555555
8fdca8e349553f99bc738833a62c8802,22,29,989.34,34.115172413793104,4.357142857142857,-11.754969268837803
edd066cd02126d7800f9b66e980e9931,6,6,987.7,164.61666666666667,5.0,-12.533180941358024
e84ad2127668df3aafc6b73531a0beb8,19,23,987.0,42.91304347826087,4.391304347826087,-6.833602556360709
7a9c12e235c36247c3c81f50d6ea9cea,5,5,983.9,196.78,4.6,-27.9035625
adcf50477d6a1f5d91bb9d54c4903cb5,16,31,981.86,31.67290322580645,3.3548387096774195,-11.699607228195937
325f3178fb58e2a9778334621eecdbf9,36,46,981.7,21.341304347826085,4.456521739130435,-11.373796296296296
83645b1645cdee8953ee54c29ceed564,14,14,978.9,69.92142857142858,4.428571428571429,-13.246287202380952
e0eabded302882513ced4ea3eb0c7059,8,8,978.4,122.3,4.625,-16.344055266203704
a99504ac23ed125aaf5302af6cc30af9,1,1,978.0,978.0,5.0,-7.129201388888889
8e670472e453ba34a379331513d6aab1,1,1,975.0,975.0,1.0,35.714699074074076
3f2af2670e104d1bcb54022274daeac5,6,7,973.6,139.0857142857143,3.5714285714285716,-18.924441137566138
0e982cff76cc0579f632cea8a0e38c9d,6,7,971.9,138.84285714285716,4.142857142857143,-11.501340939153438
9bc484c87d79cd4874e05ca182658045,8,8,970.0,121.25,4.25,-4.370026041666667
528bcf6680c36dddf07620bd35b33a6f,2,2,969.98,484.99,4.5,-3.739855324074074
ec4608a1f76453166bb312b2968aeaf4,17,29,968.81,33.40724137931034,3.0344827586206895,-6.662975734355045
9261d76c62caaf0b24677c2ceb7f8f20,6,7,968.7,138.38571428571427,3.7142857142857144,-16.762762896825397
9e9b539eb2806acee3f5c28085c1db9f,3,3,967.0,322.3333333333333,3.6666666666666665,-2.1766975308641974
4b1eaadf791bdbbad8c4a35b65236d52,5,5,960.09,192.018,2.6,-15.234039351851852
b19c48688808720822399ffa9f2dbe2f,1,1,959.99,959.99,5.0,-16.102465277777778
05730013efda596306417c3b09302475,4,4,952.0,238.0,5.0,-10.727526041666668
f0e103c63864d5405b958d984b6e94c9,11,11,951.7,86.51818181818182,4.7272727272727275,-11.294508627946128
5b2e94f2c22b39ccc24d34ad0f669672,10,10,949.78,94.978,4.9,-12.109733796296297
07017df32dc5f2f1d2801e579548d620,8,9,946.49,105.16555555555556,4.111111111111111,-24.73357896090535
4f1f1c8666cdb6442f775c4e8caed465,2,2,944.98,472.49,5.0,-13.773697916666666
4e06067cc08b3f41d837768d392c3ee3,31,46,941.72,20.472173913043477,4.173913043478261,-13.780181411030595
69b5eaa096c3f9d1e5c398c597f567d6,2,2,938.0,469.0,5.0,-5.2340625
79a679c36c08d606b3fd47ead9de109b,3,7,935.0,133.57142857142858,2.7142857142857144,-6.1576074735449735
db46ca7bce82b11f7e247539271fc390,16,16,933.97,58.373125,4.5625,-12.83427951388889
bc47d5d1490df2b36add65d733eafaba,21,22,929.8,42.263636363636365,3.5454545454545454,-11.134492319023568
4ebdc7e6cd6102a022dadc49156d4ea8,29,32,928.7,29.021875,3.75,-10.083618706597223
c8025364abeecb115431bf95c11a747f,2,2,928.0,464.0,4.5,-0.7024479166666667
20b54c376b794ed028df09a3cd88e8dc,7,7,927.87,132.55285714285714,3.7142857142857144,-2.269943783068783
343e716476e3748b069f980efbaa294e,17,24,922.6,38.44166666666667,4.0,-14.954996980676329
2d42ebcda99fd55f6f4bc2f1ca035d50,10,11,921.5,83.77272727272727,4.0,-13.770457702020202
ef2fbc2b607d8492bcffe657a4645434,19,21,920.9,43.852380952380955,4.0476190476190474,-9.409345789241623
670a9dda115b5a88b18cfadee8de2332,11,11,918.9,83.53636363636363,4.454545454545454,-17.04482744107744
7d7d2b7a51328016102d4528c411d630,7,7,918.8,131.25714285714287,4.142857142857143,-8.437347883597884
1caf283236cd69af44cbc09a0a1e7d32,33,37,917.6,24.8,4.54054054054054,-10.680373498498499
dc7192adf8ba09569261f4a8d576afe0,7,8,917.0,114.625,3.625,-16.17777054398148
e9729944ba65dc3ce425e0c5a22ae7b2,4,4,916.7,229.175,3.75,-23.04921585648148
32e5635e63cb374eb63afdd242fb6134,1,1,910.0,910.0,5.0,-4.795115740740741
70849ca4f400aaabb62cb7462a6f1428,12,12,909.58,75.79833333333333,4.416666666666667,-10.222014853395061
3f9c56764fabca627406093dcb3ef0b4,7,7,909.3,129.9,4.714285714285714,-10.519204695767195
08d2d642cf72b622b14dde1d2f5eb2f5,16,20,909.0,45.45,4.45,-10.765872685185185
e5cbe890e679490127e9a390b46bbd20,2,2,908.99,454.495,4.5,-13.688460648148148
4a1f694197d05fe70026b016a7316b41,14,23,907.77,39.46826086956522,4.391304347826087,-13.935751811594203
e250d617a0ad591ba9bd663e584a895d,8,20,904.12,45.206,2.8,-13.748351273148149
ae45df84722b1d15c5f32b23a095746c,9,12,901.83,75.1525,4.833333333333333,-14.35714988425926
e1c76f339ebd5460999f25a2aa8c92c5,1,1,899.9,899.9,5.0,-14.41400462962963
b45d7ebfb7378630f1bcd74b6ff86ff7,3,3,899.7,299.9,4.333333333333333,-11.661130401234567
7dc9a3355bae96dd82008b313d3a456c,1,1,899.0,899.0,5.0,-13.192465277777778
e51f22821f0c12a16ad5c020cdcd55e9,4,4,898.71,224.6775,4.75,-15.430002893518518
f8201cab383e484733266d1906e2fdfa,10,10,889.0,88.9,4.1,-10.938827546296297
160e4f13fd3a64b1b86807be88b5ffb0,4,4,886.0,221.5,4.25,-14.590185185185184
e1dc0754bada9ee4cfe9713f22f61292,12,12,885.0,73.75,3.8333333333333335,-12.373795331790124
ffad1e7127fb622cb64a900751590acd,10,15,884.3,58.95333333333333,4.866666666666667,-9.61173225308642
48985c61529077fa4f1e38bcff0f2ed3,7,7,879.3,125.61428571428571,4.428571428571429,-20.815127314814816
3c3017960b2dbd72711a61f0400aab8f,9,9,878.9,97.65555555555555,3.888888888888889,-20.864327417695474
134a288e7de827ec5ec62e3ec9c3a295,9,9,877.45,97.49444444444444,4.777777777777778,-10.154197530864197
17eea220a40cc0d2c0c5346379682398,3,3,875.98,291.99333333333334,3.6666666666666665,0.0258526234567901
1f867308a0ce13133a4e639ff4de0c02,7,13,875.1,67.31538461538462,4.538461538461538,-16.938086716524218
cac63f48c38cd7d002a7e846dcd99a23,10,10,874.0,87.4,4.8,-12.029729166666666
3d621842b2ed28e2b474132480edac3c,8,8,873.93,109.24125,4.625,-11.135746527777778
efff9341f3f8f5237b44ff67ed36a7bf,5,5,872.99,174.598,4.4,-8.769101851851852
9c690ceacd5c66731bf443ea810195cb,10,12,871.8,72.65,4.416666666666667,-16.631281828703703
04fdea0c111866e6cf812f1570d6b5bd,8,8,865.0,108.125,3.5,-9.533265335648148
a67780aba9dd436e7ac0aa1f889e73ec,6,6,863.0,143.83333333333334,3.6666666666666665,-3.6513753858024693
41da412d33e8da4f22baf55cb1bde82c,15,21,862.9,41.09047619047619,4.714285714285714,-18.512913910934746
6a8a889bde935bafa76d7848782dfaf9,26,30,860.82,28.694,3.933333333333333,-14.39678125
5011f0d93373a4c5753adf58ca77af8d,11,21,859.52,40.92952380952381,3.6666666666666665,-3.3855957892416226
c4fabeea6e569d42d02993bb1f4f1cbc,11,11,859.3,78.11818181818182,4.0,-4.543681607744108
2c43fb513632d29b3b58df74816f1b06,3,3,858.0,286.0,3.6666666666666665,-15.929961419753086
e8dba4d70f7f2b20e775d09cae01142d,9,9,855.91,95.10111111111111,4.333333333333333,-9.881684670781892
bf00385a5f7fc1ef39a13c2e9ee50a5f,28,28,855.4,30.55,4.428571428571429,-10.131565806878307
9198786624eaeb375793215cad26cfa6,8,9,854.4,94.93333333333334,4.111111111111111,-18.365036008230454
f783a638e9c6af4a7d0dbfde811e7a81,5,5,849.8,169.96,4.0,-3.5282708333333335
1099a00e0ee3a50935e6c2447ca090c5,3,3,849.7,283.23333333333335,3.6666666666666665,-9.257461419753087
4221a7df464f1fe2955934e30ff3a5a1,5,5,849.5,169.9,4.8,-15.81200462962963
010da0602d7774602cd1b3f5fb7b709e,1,5,849.5,169.9,1.0,-9.109456018518518
a0d7fbb07bb5ebc3b05980e750db56f3,3,4,848.99,212.2475,2.0,-11.292520254629629
3dbbce181edfaa4a597ec858c382d2ec,17,20,848.3,42.415,4.35,-9.736881365740741
fe1b067411b8c5066e962aa146ccee03,8,8,847.78,105.9725,4.625,-8.812055844907407
113e3a788b935f48aad63e1c41dac1bd,39,48,847.35,17.653125,4.404255319148936,-14.964520399305556
20cb7c2fde3e5bf10f0bbe7394e1c6a9,31,50,845.0,16.9,3.9,-12.166233101851851
2b03ac196f5ed62ac483960fe0fa3b65,7,7,843.1,120.44285714285714,4.142857142857143,-8.812829034391534
ddd51ae8cda92f3995a51fc0f0f3eec7,8,25,842.7,33.708,4.6,-14.19967361111111
0791d9fc1e30678ecf03d3e55fa108d3,5,11,842.0,76.54545454545455,2.727272727272727,-17.577736742424243
a1544b9ea0b2390e020537d4daa89049,8,8,841.2,105.15,3.875,-19.373292824074074
a3b42d266fa8afc874b909422ce88582,1,6,839.4,139.9,5.0,-3.0570601851851853
c37b2059d4f90d4feead554e5246565e,12,16,839.3,52.45625,3.75,-3.5648502604166667
6e4f5ff6b086632ba8dcb558fb10249e,5,5,838.9,167.78,3.4,-16.30644675925926
82cb9f452fe8334df74b22d37824b431,14,18,838.2,46.56666666666667,4.722222222222222,-16.33424575617284
eba88037e1dca898cd02881f67ced679,6,6,838.1,139.68333333333334,4.333333333333333,-9.464035493827161
b81e3a6c866a764974fe849821abeebd,8,11,836.15,76.01363636363637,4.545454545454546,-6.059067760942761
28f10b1c5e5abb9d4857745bede6147c,28,28,835.0,29.821428571428573,4.0,-5.966380208333334
297d5eccd19fa9a83b2630071ff105e4,8,8,834.97,104.37125,5.0,-12.015079571759259
1bb3812d5f0747a3ab7348f199001a10,9,9,834.4,92.71111111111111,4.888888888888889,-19.353514660493826
91543f9849d68d023e17194926598543,4,6,834.0,139.0,4.333333333333333,-17.841753472222223
c00396cbdd2e088fe4281baa5920aef1,1,3,832.41,277.47,5.0,-9.286527777777778
9485a23c0430ba1d58d359391606fce6,4,4,830.9,207.725,3.75,-7.35771412037037
8602a61d680a10a82cceeeda0d99ea3d,17,19,826.99,43.52578947368421,4.473684210526316,-10.281380969785575
1cd9e0cc1839d55516843def5600816d,5,5,825.0,165.0,5.0,-9.396141203703703
51e4e89242cbb846c2deff3dc015650e,16,16,822.58,51.41125,4.625,-15.22675564236111
10076e5788b8ee532724bcd460baf762,23,26,821.48,31.595384615384614,4.615384615384615,-11.516909277065528
28ea411b354f14b1a494be4e79f0ce02,6,6,820.0,136.66666666666666,4.666666666666667,-10.8407137345679
973f21788dfab357250f69a8dcb7ddee,9,19,819.0,43.10526315789474,2.473684210526316,-11.5062408625731
0aa2205ca24f113f4658a5c536667426,4,11,815.62,74.14727272727272,2.8181818181818183,-13.36983164983165
63a79f5a7eb5cb48a7e5787b141c7993,11,11,815.1,74.1,4.545454545454546,-13.48786510942761
daf565f087a52def0fd5c5825b3661bc,9,9,813.9,90.43333333333334,3.625,-16.854740226337448
dc64d75cc406bb0697be983831430e60,4,4,813.0,203.25,4.75,-12.77027199074074
a1bea7061f61f6fdd9a85a6325ba1033,9,9,810.95,90.10555555555555,4.444444444444445,-5.353671553497942
725af026f869236a8dd0ceb98564d156,5,5,810.72,162.144,4.4,-26.04363425925926
5996cddab893a4652a15592fb58ab8db,1,1,810.0,810.0,5.0,-15.41380787037037
bd4431c1a8dfa744b59e1e2a8bc99b9e,7,7,809.5,115.64285714285714,4.571428571428571,-9.76313492063492
14ee35374a7876217954b5fa08e50463,6,6,809.0,134.83333333333334,4.333333333333333,-7.1192264660493825
ba5daa4041e1f15cdf34b76e3e18a450,15,15,806.8,53.78666666666667,4.266666666666667,-10.262487654320987
caa9bc43a9fe8cf9c564ddd8a03cc4a6,13,14,803.87,57.419285714285714,4.6923076923076925,-10.679217096560846
b5abf4f36adc043117b4fca82c22984c,8,9,803.1,89.23333333333333,2.888888888888889,-1.2818004115226338
a72c2f59332659e361d647515c698798,5,6,802.9,133.81666666666666,4.833333333333333,-18.22789737654321
11eac105f3f90a9b87b19c89d91e24f3,5,5,802.89,160.578,3.6,-13.247516203703704
ba6b4a237f92479743cf0ca06b67a9ac,8,8,801.89,100.23625,4.25,-4.501802662037037
557f22c76691849db52d2abccf0015d0,12,13,799.87,61.528461538461535,3.3333333333333335,-15.019323361823362
253f95b3a0e6983ae18aed49fbc2b845,5,5,799.5,159.9,4.4,-13.266921296296296
9c7fd21e0aa159b20da593371f08ff7c,7,8,798.3,99.7875,3.375,-10.173272569444444
13511db12ac61e2f89c53b72a944a60b,6,6,798.0,133.0,3.5,-12.185244984567902
365e4bce19bda0082c3d15d83fdb8bcd,6,7,796.4,113.77142857142857,4.714285714285714,-11.744446097883598
5a05a16bb50629ee31afab8a6d4c2674,14,15,794.3,52.95333333333333,4.0,-11.26435725308642
e3a386fc36e22064434e1fa256f6a9fa,16,17,793.9,46.7,4.235294117647059,-10.258803104575163
0d4c8269e7f0401201794deef160edd6,3,4,792.64,198.16,4.0,-5.3515422453703705
4ef4c39cf3c24f326434cf0b2e48046a,7,8,792.0,99.0,3.875,-4.536041666666667
52956b80ae65fda598f06f6b9943e7a9,3,3,792.0,264.0,4.0,-6.671385030864197
134b867a0f7f8bbe6abf10f91874891e,1,1,789.89,789.89,4.0,-18.14679398148148
f9eedec3129e8cc6b6429c42d0808c5b,2,2,789.8,394.9,4.5,-8.280601851851852
2305ab43e846518f58dd9d59f3f54e96,3,3,788.89,262.9633333333333,3.6666666666666665,-10.79204475308642
4c61e37f664c3c88aff092aa5ac779d7,7,8,788.31,98.53875,4.0,-2.105190972222222
3492e68f37fd1df87f4f2f2ea247f445,8,9,787.86,87.54,3.5555555555555554,-7.265838477366255
da03c298e3999e9d828591fc2179d109,4,5,787.7,157.54,4.8,-7.015178240740741
1cbd50a8c52e6cf8e315c5709fab386f,9,9,785.97,87.33,3.7777777777777777,-12.062681327160494
9d681c7e12db302cb261e721040dde65,13,14,785.6,56.114285714285714,4.928571428571429,-14.757098214285714
9535a841eecebed61a9fb1ac1cbb5597,2,2,784.9,392.45,3.0,-16.934780092592593
de09d00cfc265b8804c7df34075a68fa,3,3,784.0,261.3333333333333,3.3333333333333335,-16.19844135802469
5f06030071324cc52bf0304014ac7234,4,4,783.96,195.99,4.0,-13.449626736111112
6b9b80d53ba3676eafe60268a810b5a1,9,9,783.7,87.07777777777778,4.222222222222222,-14.49781378600823
d4f117125b59ce73c3302f88ee40c458,17,17,783.29,46.07588235294118,4.823529411764706,-11.034194580610022
ef30892870c278497523264be1be2241,9,9,783.2,87.02222222222223,4.555555555555555,-15.709467592592592
52a52b9f656520e99716f5bc40f661c8,7,8,783.1,97.8875,4.125,-11.237841435185185
41c2bad7229b0c25e6becf179ebf63ff,20,23,782.0,34.0,4.956521739130435,-15.253480273752013
11742f81550ac064cc9a40f67151d9ad,2,2,781.9,390.95,5.0,-4.203096064814815
70bf57d811208f8923b41bbd499a67a4,7,7,780.8,111.54285714285714,4.142857142857143,-5.927972883597883
e560e4022d8f7aebf155db95946c5c0f,2,2,780.0,390.0,5.0,-10.696631944444444
cb6c9f5888a7a090c75beaf615925792,11,11,779.89,70.89909090909092,3.8181818181818183,-10.414881102693602
6524b847b982cd56bb5d4b02b776ee42,1,2,779.8,389.9,4.0,16.81855324074074
4deebb3199eeafb282ae33229144f94b,4,5,779.7,155.94,3.4,-0.8937708333333333
5a413ade68e8f8d93071a7f52a64cb9e,14,14,778.9,55.635714285714286,4.642857142857143,-3.9347329695767197
68f86ba270525243e68ae74044f992b9,10,11,777.5,70.68181818181819,4.363636363636363,-13.071824494949494
d66c11a9572221d92fbb8c4897db5f9b,16,16,776.56,48.535,4.5625,-10.595239438657407
74636e24f01da9268b0ed88dacd8513e,4,4,776.0,194.0,4.0,-4.042155671296296
5c3460cd3e8a984382ae254e7dd20d9f,9,10,775.76,77.576,4.7,-12.890414351851852
d9442042130b7fe579d1295f9f4a248f,19,22,772.16,35.09818181818182,4.2272727272727275,-7.20960805976431
e644cbadf7eeb30d0d29f335ce7d52ec,7,9,768.91,85.43444444444444,4.0,-9.273046553497942
0ff83046c3fa22efee8ecf291888b191,10,11,768.9,69.9,4.818181818181818,-16.533074494949496
4a1917ef994878940e1fb03eeb787ad7,2,3,768.0,256.0,2.6666666666666665,-10.452704475308643
562f8cfc51f265411f487d07e9c40e7f,13,13,766.92,58.99384615384616,4.538461538461538,-7.185806623931624
6f83d9e4da896daae20b9b6b2d3ff8d2,11,11,765.19,69.56272727272727,4.363636363636363,-14.296315235690235
0b36063d5818f81ccb94b54adfaebbf5,1,15,765.0,51.0,5.0,-20.549884259259258
5acd070dd3fe441bbb2ec1f1ede515ee,7,8,764.17,95.52125,2.75,2.5847280092592593
2063dd1b9f568df1c16741ea7d3e6adb,3,3,763.1,254.36666666666667,5.0,-25.4883487654321
81783131d2a97c8d44d406a4be81b5d9,8,9,761.84,84.64888888888889,4.555555555555555,-10.757664609053498
39c763cca83e654764b7a4a650fb9b7c,11,11,761.0,69.18181818181819,3.8181818181818183,-6.157607323232323
a56e351445e5863fc8960640ba9190c7,3,4,760.92,190.23,4.25,-7.780431134259259
ca77545ca4d2dfd1431bf61334e2fa3c,6,10,760.0,76.0,4.8,-12.017520833333334
7c51de0ab286204ce75ff42bf7c10d92,4,4,759.0,189.75,4.5,-15.399039351851853
c1ed9e3daf6154542826a6996af0fb8c,8,16,757.5,47.34375,4.625,-6.29982421875
458c6fa920810ce2492da71bc26d9eec,2,2,756.76,378.38,2.5,-9.5303125
cf654707ed6a99f112c7ec3d6f314b8b,3,4,756.0,189.0,4.75,-6.7044097222222225
21c62b998a043ebe31161d38f84929fc,4,4,750.49,187.6225,4.5,-15.42056712962963
61c36f0fc4a47f9532e5512b66668e62,1,1,750.0,750.0,1.0,-6.291724537037037
9dc79dd988ac42f4d56c340d7048420a,4,4,749.6,187.4,4.75,-9.167847222222223
87d3c3aeb3ead335511b3ce315eb341e,15,15,749.35,49.95666666666666,3.5,-7.747942901234568
fd435faa3c0422b60440ea3480d0e77c,1,1,749.0,749.0,5.0,-13.214236111111111
191d55f7edb8524d525ed01b20fe32e8,3,3,747.0,249.0,2.3333333333333335,-2.1838194444444445
c89cf7c468a48af70aada384e722f9e2,14,14,745.0,53.214285714285715,4.0,-9.479495701058202
ba6ce6de456f6c11d08c17701ba5c26f,6,7,744.35,106.33571428571429,3.7142857142857144,-3.6823809523809525
e8a85b5f3df47be0984c55fd4064dbb4,8,14,743.0,53.07142857142857,4.714285714285714,-4.722490906084656
6e864f5c4669eff3d98140a07cc50202,13,13,740.59,56.96846153846154,4.461538461538462,-10.713774038461539
2ba91c7ad80ff88b23b7db823b43c233,6,6,740.4,123.4,3.8333333333333335,-2.5156346450617284
5bba18b40e8c973b0f32e748004775b0,1,1,739.98,739.98,5.0,-45.34583333333333
8a40ae794fa3f9892cee24bd5af0488b,6,6,739.85,123.30833333333334,3.1666666666666665,-5.770414737654321
ba6b68b55fe8704377a7d43c8e5c0185,5,5,739.77,147.954,4.2,-12.85537962962963
6bb62a4912377c7bfe7cb17b406bc7e6,4,6,739.52,123.25333333333333,4.5,-6.522864583333333
8c91bfea4263b8fba54081460693e2a1,2,2,739.0,369.5,5.0,-17.568310185185187
e73bf2cea7fe4b0b4d287a7568ed1099,4,5,737.7,147.54,5.0,-25.342541666666666
4200ddf1967c5e41e48db62bc6d4b5ac,22,42,734.8,17.495238095238093,4.243243243243243,-10.703231646825397
56db5c0782e8f7ddc9343f9576ff6d16,2,2,734.8,367.4,3.0,-20.691354166666667
33cbbec1e7e1044aaf11d152172c776f,15,16,730.67,45.666875,4.6875,-15.397296006944444
014d9a685fd57276679edd00e07089e5,11,12,729.88,60.82333333333333,3.8333333333333335,-11.917173032407407
7210cd29727d674c00741e5e387b3ccd,9,13,729.09,56.08384615384615,3.6923076923076925,-4.678176638176638
8b87cd0d43d49b9bdf40f56229364d59,2,2,729.0,364.5,5.0,-6.6792592592592595
da6a60cc8cc724fe51be021ff8be779c,12,13,728.79,56.06076923076923,4.769230769230769,-13.315083689458689
aac51c486b672a9850d59f3e84b1cf88,10,13,728.28,56.02153846153846,4.769230769230769,-6.984592236467236
d29ba1220fb8634fa3a107e54497b8a4,9,9,724.94,80.54888888888888,3.2222222222222223,-12.35761188271605
fe1bbc5feda5c8979a8a1b3b2512d5a6,9,10,724.72,72.472,3.8,-13.28097800925926
6d22a1fcebb6dd08c9cd90b92a93e8d0,12,13,723.7,55.66923076923077,4.3076923076923075,-9.452278311965811
d9e7e7778b32987280a6f2cb9a39c57d,11,13,722.5,55.57692307692308,3.1538461538461537,-8.96062410968661
07d75e33f2750d97d467fb57e4dfdd8a,2,2,722.4,361.2,2.5,-10.805295138888889
c8cc60ffd415254af5d9b9f34f32c369,8,9,722.2,80.24444444444444,4.666666666666667,-10.897785493827161
b16d3dadc47d4eb18be3d88bad0775ce,10,11,722.1,65.64545454545454,4.363636363636363,-21.580867003367004
94231344608e603693b0a8891143f65d,3,3,722.0,240.66666666666666,4.0,-15.138707561728395
d79e8478eed9999493990b44955fb22e,5,5,721.89,144.378,4.0,-9.224409722222223
07de60b03d150fb3ea09eab5da5e4c8b,9,9,719.1,79.9,4.333333333333333,-11.927708333333333
75a4764c108403a7a0575140cb22287c,5,9,716.9,79.65555555555555,4.777777777777778,-17.53423611111111
ac6417315ae5da8f9a38ee11de6f7780,7,7,716.4,102.34285714285714,4.142857142857143,-12.865848214285714
808d4348b916efa08e766ebad39f61eb,20,20,712.95,35.6475,4.6,-8.556380208333334
d558ebe531605a1285ab2b1bc3256dfb,3,3,709.0,236.33333333333334,4.666666666666667,-12.183966049382716
024b564ae893ce8e9bfa02c10a401ece,2,8,706.4,88.3,4.75,-39.97060474537037
18e694e0e48ed6f7aa3f24aade5fd697,31,34,701.54,20.633529411764705,4.676470588235294,-12.710398624727668
39d61be7a92eb77b7da367bd4845bc0e,7,14,700.59,50.042142857142856,4.214285714285714,-10.38787533068783
ac51cac5e20d69ff485a54746488ef48,3,3,700.0,233.33333333333334,3.6666666666666665,-9.783479938271604
3ef37b7ca6dd2b80bd8af81a62504996,2,2,700.0,350.0,4.5,-7.4165682870370375
328acb143b4a73aad6bee8e734f5d20d,2,2,699.98,349.99,4.0,-16.34384837962963
1b4b28463457a256e9a784ebe2a8f630,1,1,699.42,699.42,1.0,7.846111111111111
59cea8e446d3834393058e7e0666b6fb,10,10,696.6,69.66,4.6,-15.779237268518518
0d83f8e03188682112cc0d93523705cc,4,8,696.26,87.0325,2.75,0.25375578703703705
fac35d150712afb921ec59ac5f39bb11,5,6,696.0,116.0,4.166666666666667,-15.791143904320988
05a940b4ecae36cadfd8e93bd9c43257,9,9,695.1,77.23333333333333,4.222222222222222,-14.193740997942387
052577151711aec5c744fe12e66db3e1,1,1,687.0,687.0,5.0,-11.191400462962964
2dd1fb6f0e42a2243b8a01e40cd41216,3,4,686.89,171.7225,3.0,-14.294155092592593
b4b447d715f9ab302a188fb43d3e96b3,5,5,685.93,137.186,4.8,-5.815983796296297
b2c97074649f92197d9387d9033dda5f,10,11,684.71,62.24636363636364,4.636363636363637,-8.888367003367003
4e6015589b781adaa5ce7f1892d06bb1,3,3,684.0,228.0,3.6666666666666665,-12.117384259259259
2fb25ab44bdbeae6a4d816e0d0c9d500,5,5,683.08,136.616,4.8,-18.226118055555556
9aa388272ee334b6ae07bc73706e254a,6,7,678.0,96.85714285714286,3.857142857142857,-15.517825727513227
d9cd369bffa979d1634f8e1318bf2f1b,3,3,678.0,226.0,5.0,-23.773016975308643
89a51f50b8095ea78d5768f34c13a76f,10,11,677.16,61.56,4.7272727272727275,-11.805922769360269
a513150f33f99a06569e9cd5c4bb889b,2,2,677.0,338.5,4.5,-14.221116898148148
3d5d0dc7073a299e31fa718ce1bc00b6,21,22,674.8,30.672727272727272,4.2727272727272725,-12.402047032828284
5962468f885ea01a1b6a97a218797b0a,6,6,674.0,112.33333333333333,4.666666666666667,-13.425271990740741
6861de0f40cacb0602e473c51639f980,5,8,674.0,84.25,2.625,-19.476061921296296
c6218512d16fcac0af02fe92691cf274,8,8,674.0,84.25,4.0625,-11.415335648148147
e21a1e8be4715b0fcfd5385643bc49c4,20,23,673.7,29.291304347826088,3.6956521739130435,-10.46811694847021
7354220fb240bde543b3c40c060d41e7,7,7,672.0,96.0,4.571428571428571,-14.948169642857144
e4ebd3f87bf70440014f07ddda7fbe03,7,7,671.5,95.92857142857143,4.571428571428571,-7.608870701058201
6e1862e15f33d9994bc25922a85e1efc,7,12,668.49,55.7075,4.666666666666667,-19.201013695987655
0a85ebe4e328db81ac9109781205e2f7,12,12,667.9,55.65833333333333,4.583333333333333,-7.655358796296296
6824a69c9ea0313eba299dd4a2dba09a,6,7,666.9,95.27142857142857,4.714285714285714,-13.326828703703704
5f7300535881cef3b625fd683cf7d145,10,11,665.98,60.54363636363637,4.454545454545454,-12.36792824074074
55c26bcb609f480eb7868594245febb5,6,6,664.4,110.73333333333333,4.0,-9.404645061728395
bdae679a9b282249bc23b9b69dae9a99,6,12,663.15,55.2625,3.5,-24.106408179012345
8d46553a36e68f95350a200c12f8f2e2,9,11,660.0,60.0,4.090909090909091,-11.037252735690236
49383af7ab774e4e8f3000f49c83dc4b,8,12,660.0,55.0,4.583333333333333,-12.370896026234568
c7fdb77fdbff3c41981bc52f787e959e,9,11,658.48,59.86181818181818,3.5454545454545454,-5.580013678451179
1961c3e1272bfeceb05d0b78b5bbfdaf,2,3,657.0,219.0,4.666666666666667,-4.936435185185185
b0398568231ba5e6734af1881671a317,4,4,656.77,164.1925,4.0,-12.217705439814814
c447f8dd3ed213f291d65ef074a268eb,7,8,655.0,81.875,3.875,-16.063548900462962
80f2cf9abf6b5a0e5c612b5eea6646e6,6,6,654.08,109.01333333333334,5.0,-8.120597993827161
cd3d09fbe6e3e9ff0c0ac0c300e93ae7,12,12,651.04,54.25333333333333,4.166666666666667,-8.915965470679012
5d043cd5512d4bd2f88e5ccdd5736c38,1,1,650.0,650.0,2.0,-8.625983796296296
43402bdf22aa2310e8f99e2f94f78628,4,5,649.95,129.99,2.8,-35.877472222222224
c522be04e020c1e7b79f3acff36513d5,6,6,649.94,108.32333333333334,4.0,-5.6498939043209875
f435898e493ba0356019a0b1cb8b55b1,10,12,649.76,54.14666666666667,4.333333333333333,-21.008713348765433
236585a4ddb5fea9fa40233e2249ed91,11,11,649.53,59.04818181818182,4.090909090909091,-12.473392255892255
9cad4b68bb993ee401a3c5aaa2bc26dd,5,7,649.3,92.75714285714285,3.4285714285714284,-8.853816137566138
54aa8463e87776b5612f4bdc4bd5d4de,7,7,649.3,92.75714285714285,3.857142857142857,-23.25549933862434
95b293867b5862941c9cd74f756a3c68,9,9,648.1,72.0111111111111,3.5555555555555554,3.4692116769547323
b26741d31a563d769b4af0465ab20c56,2,2,648.0,324.0,4.0,-17.59660300925926
72c38a04bd6a1c3dbc5298425a0db86d,4,5,647.3,129.46,3.8,-21.195805555555555
2aa3443d7bf9d9bb11133f420d75e083,10,10,647.0,64.7,3.0,-8.216180555555555
13f57c12a00ed4610db646b913a7f5c6,7,13,645.2,49.63076923076923,4.769230769230769,-7.975600961538461
8d899e15a5925f097cca50faa49b15e3,4,10,645.0,64.5,2.5,-3.121636574074074
ad273c9eb54ecb4532de4bf75bae9e4e,10,11,645.0,58.63636363636363,3.8181818181818183,-12.172936658249158
f3295428338a40977a03f555246a70f4,7,7,644.98,92.14,3.5714285714285716,-9.513010912698412
bd1d49a326abfa9b1036772e40445430,12,13,637.7,49.05384615384615,3.8461538461538463,-11.268476673789174
7a91bf945c6fae0779f1c61ce97fe45c,4,4,634.6,158.65,4.5,16.88870659722222
7b98de631987e26dd6d803490c43a13c,8,8,634.2,79.275,4.625,-11.796549479166666
1430239a858e7682bbc43b20758af153,17,22,633.99,28.81772727272727,4.0,-10.061346275252525
be8e909810184b9b19e886129149d8e5,15,15,629.85,41.99,3.7333333333333334,-6.698059413580247
685b870da5b52a710782c9c0fefbeb5b,2,2,627.0,313.5,2.0,16.748796296296295
8759e7aedd644f487315e5860962f162,3,3,627.0,209.0,3.6666666666666665,5.474795524691358
0570350b23eda5444f8d1d9544932058,6,11,626.9,56.99090909090909,5.0,-12.38238425925926
2f09f7d37a97956d11cc1a7cadd5262b,7,8,625.0,78.125,4.125,-9.30273582175926
6cf476a4ca74498db55cbccdaa9dcfb6,5,6,624.94,104.15666666666667,3.0,-2.2998109567901235
a2deecd5398f5df4987110c80a1972a3,13,13,623.81,47.98538461538462,4.269230769230769,-12.935335648148149
d8cf3b6a2151949f930d0252b180ec42,6,19,623.7,32.82631578947368,3.0,-15.35404970760234
ab3e0c171fe84a7ba7de130f19cfb485,6,7,623.45,89.06428571428572,4.142857142857143,-8.412991071428571
bfd938b22bc99bce1ae60dc602889f52,4,6,623.4,103.9,5.0,-24.68889660493827
3969863bb8af7f72580b3b1ffd3a17b3,12,13,623.15,47.934615384615384,4.0,-10.836012286324786
26bad72add1f86e08a776ce4ffdaf1ca,7,7,622.0,88.85714285714286,4.428571428571429,-12.741071428571429
b5bb2b985208834bd5bd86c7a402bbad,2,2,621.06,310.53,5.0,-18.255364583333332
6b15924333bd1a741595fe981ea04822,21,21,614.32,29.253333333333334,4.666666666666667,-10.685160934744268
1d29dfba02015238dfbe2449a5eaa361,12,12,612.8,51.06666666666667,4.5,-8.706571180555555
b44dbfbf62e52125f3c15d230569ea91,4,8,609.37,76.17125,4.375,-8.329346064814814
3d3ccf2b2f8134b10dce9dd446f0e075,3,3,608.6,202.86666666666667,3.3333333333333335,-3.95585262345679
c6a7539d424a8402232c2228d7a03c5e,10,15,607.5,40.5,2.6,-10.00884413580247
525e75a6fb1454a2325ab1734bcec221,9,10,607.17,60.717,4.0,-12.974456018518518
2059c39f76271d4ca3f15b5ffaccc8b8,12,12,604.9,50.40833333333333,4.5,-12.75741512345679
aae5e7b457a3c72ee230a47d98fceda5,5,7,604.8,86.4,4.142857142857143,-18.393930224867724
eddd1991bd6d9309995a480c39b95137,2,2,601.0,300.5,3.5,-7.062297453703704
5a6a02f419701fc8c605af71d4fc57a4,10,11,600.5,54.59090909090909,4.818181818181818,-8.702622053872053
1588ac4010787100dddef64568f0ae35,3,3,599.97,199.99,3.0,-8.147862654320988
8e29d051f810eb22959ede205b462b9f,2,2,599.8,299.9,4.0,4.829658564814815
68ca56ce86830f3d31b1b7ec6a54da3e,5,5,599.69,119.938,4.0,-16.023599537037036
3be5841cdcc46de4ed3f9116f104b2c5,4,4,599.6,149.9,4.75,-25.226357060185187
53336f97ddbe53e2a617d07b17447b95,1,1,599.5,599.5,5.0,-10.184259259259258
262237171f48e85819065498cac80d7b,4,10,599.0,59.9,4.3,-10.707671296296295
d0d70d21e2234dd7cd3cf63fe414148a,8,9,598.4,66.4888888888889,4.222222222222222,-18.50665509259259
38e6dada03429a47197d5d584d793b41,7,12,596.14,49.678333333333335,3.3333333333333335,-6.674514853395062
11938fcc75f6902fea1d0a6f72b54a57,2,2,594.98,297.49,3.0,-20.204184027777778
8c0de775f52fe41590b376a3b7c50f68,8,8,594.8,74.35,4.25,-10.783598090277778
3d68c634a99a1ba46dbca3967a69c623,2,2,594.0,297.0,5.0,-6.72546875
6e0908ef4d4efadbc3cc2b74ea477cb0,8,11,589.45,53.586363636363636,4.090909090909091,-13.163176557239057
8a87611c08849ffeeccab52aa798b6c7,6,6,587.9,97.98333333333333,4.666666666666667,-29.480572916666667
768a86e36ad6aae3d03ee3c6433d61df,17,17,587.46,34.55647058823529,4.647058823529412,-8.173312908496731
6e4a902d1054e4e17aa6eab87fac1c75,7,8,586.57,73.32125,4.25,-4.490364583333333
b274baf5bbd142410eb2958cf685d684,7,7,585.9,83.7,4.285714285714286,-22.017334656084657
bf961104a38e01b9062ee026bb657dee,4,4,585.56,146.39,4.5,-25.208191550925925
851773c885feb5e2da3b4f82bc2b17ce,10,10,585.3,58.53,4.2,-7.793101851851852
70b52a4cfc823994561b00bad161b4ed,8,10,585.0,58.5,4.5,-25.74021875
71271995e85f5b8530be99ed54a91b89,6,6,582.0,97.0,3.0,-6.0390625
83353a83fd769dfafa4f21a72b15e3e5,5,5,579.5,115.9,3.8,-8.099787037037038
be3b4b0f050a6aa1b2d901c4b77e979f,3,8,578.2,72.275,2.75,-16.568122106481482
f524ad65d7e0f1daab730ef2d2e86196,1,2,578.0,289.0,1.0,3.8366319444444446
01c97ebb5cdac52891c0ed1c37ba0012,9,12,577.5,48.125,4.083333333333333,-8.55819637345679
5ef131ac72773e5b3f6c0d63cf424657,10,11,575.79,52.344545454545454,3.8181818181818183,-9.657370580808081
ed8cb7b190ceb6067227478e48cf8dde,15,17,573.5,33.73529411764706,3.176470588235294,-9.208744553376906
26af45f5dfd967225a832838aa4e24a3,10,11,573.1,52.1,4.181818181818182,-13.036455176767676
9599519be538b98748162a2b48248960,1,3,570.0,190.0,1.0,-7.050856481481482
4e326052e5dbba8adcd512f3450a307e,3,6,570.0,95.0,1.6666666666666667,-11.583570601851852
a35ef466c6fd6d052f5d241240d3c5e2,3,3,569.9,189.96666666666667,4.666666666666667,-19.94471836419753
3f9be91358837bff69df67edfa3e42e8,7,7,569.7,81.38571428571429,4.428571428571429,-18.465537367724867
a254c682cc01e119f83530446f1df9a9,6,7,569.4,81.34285714285714,4.142857142857143,-9.53666832010582
cd2169d9f31ff6fbb9ca3373b0c9e354,1,1,569.0,569.0,4.0,-16.344456018518517
73b8eb4a9a729d4019b24ed1be748cbf,7,7,568.9,81.27142857142857,4.857142857142857,-6.705510912698412
4170f6a9367e6b5d6401d03ce6d54569,4,5,568.78,113.756,4.2,-1.5574444444444444
89ad3263c0931c47f976d7c5778e60f6,6,6,568.2,94.7,4.166666666666667,-11.76475887345679
f52c2422904463fdd7741f99045fecb6,12,13,567.79,43.676153846153845,4.3076923076923075,-9.628897792022793
b7ed9fb14c8eadb37adb9c45d67ab0fb,7,11,566.0,51.45454545454545,2.909090909090909,-14.023491161616162
2f74af7a0ee5636f12c2336f9fffed47,13,13,560.7,43.13076923076923,4.3076923076923075,-8.052778668091168
b12cfd255810394b60caef18ae163547,2,2,560.0,280.0,4.5,-15.297314814814815
5f5a58930c3c35f3b5af264f34fb8c85,3,3,560.0,186.66666666666666,5.0,-21.242395833333333
c33a5c3c983090c8b78a28e65052a20d,8,8,559.2,69.9,4.125,-13.977359664351852
820c7c9eaf76d2b226b6c242bcf3f34d,1,1,559.0,559.0,4.0,-20.50857638888889
35b96509602ec4b7da831b5cd73ff2c2,2,2,558.9,279.45,4.5,-13.275127314814815
6eeed17989b0ae47c9f11ece6f38ea90,3,3,557.0,185.66666666666666,3.6666666666666665,-12.433395061728396
8a207b6080964f3c1fc9d35bd6096ba4,2,3,553.7,184.56666666666666,5.0,-7.932511574074074
385799a1cddbd26dfeb9157356a42282,4,6,551.94,91.99,4.833333333333333,-14.186388888888889
74871d19219c7d518d0090283e03c137,6,7,550.04,78.57714285714286,5.0,-7.10797619047619
eb9cd5b35d95206585e2185318cb5c61,2,3,550.0,183.33333333333334,2.3333333333333335,-5.895293209876543
bb2afe2061d53c6968aa0cffa233a8ec,5,6,549.4,91.56666666666666,4.833333333333333,-9.913622685185185
e433f5fd4050e3352b5d83522b7fe24b,1,1,548.06,548.06,4.0,-6.061400462962963
0d33a55da925bbf1ff02af5f6059fc7f,22,24,547.3,22.804166666666667,4.5,-11.794989390432098
6c99c983ce3b6ba0ab813e6790e81691,9,9,546.75,60.75,3.7777777777777777,-15.013602109053497
9c1c0c36cd23c20897e473901a8fb149,6,7,544.97,77.85285714285715,5.0,-7.108834325396826
af7cdac9d9897cddead9c6b08976c642,6,6,543.54,90.59,3.6666666666666665,-6.911259645061729
4cc4fd4fdd406a85bbdc1f824b731bd7,1,2,539.98,269.99,5.0,-13.189178240740741
228e4c1a0be164f613d41c24345f9d2c,5,5,539.7,107.94,5.0,-19.434162037037037
d94ba08b99bedd6a5f6c875ecc4a6fac,8,9,539.1,59.9,4.777777777777778,-12.154827674897119
6c17baf138731a4aaacc3210adf2037b,4,5,538.8,107.76,5.0,-6.821344907407408
08d1c9478fb0d7d7fcac9c0da4e82fc7,1,1,538.0,538.0,5.0,-12.253541666666667
ff314fa6033cc68ec451c47aee2d6ba4,2,2,537.9,268.95,5.0,-19.78527777777778
1fe61aa5494bd3ae92a2c13e067c810f,1,2,537.76,268.88,4.0,-16.50079861111111
638cba8be1fb599bbb76fd6948351eb3,16,22,535.4,24.336363636363636,4.7272727272727275,-10.837690446127946
cb9fb4ca75d7ba8437480e8dde64fe98,10,10,532.14,53.214,4.0,-10.993136574074073
1f7fd2a6fcd5a6fa5d8a4dabc72aaae0,3,3,531.8,177.26666666666668,5.0,-15.922824074074073
4342d4b2ba6b161468c63a7e7cfce593,2,2,528.9,264.45,1.0,-5.592731481481482
2e7ea2aafec5835e781b21d6d1faf1f1,7,7,528.4,75.48571428571428,4.5,-4.549801587301587
6879c4d287a8dd06b11f54ea8f78e4da,6,6,527.67,87.945,4.333333333333333,-11.225790895061728
979e9f8b5b39dd243a2550c8b05aecf0,3,4,525.0,131.25,5.0,-12.762439236111112
3968920b9aa752ab98f7d5888c9252f2,8,10,523.3,52.33,4.1,-12.793585648148149
02b72cdeb9cfcc429f1af6f4e3f3b737,4,4,522.65,130.6625,4.75,-8.285228587962964
6e13dd869aa7185f601c941423abcc8f,5,6,522.0,87.0,4.833333333333333,-11.568939043209877
c026ef0d72e9132d9fa112308090c8dc,1,1,520.0,520.0,4.0,-6.3340625
fc59392d66ef99377e50356ee4f3b4e1,5,5,519.99,103.998,3.6,-13.597136574074074
f9ec7093df3a7b346b7bcf7864069ca3,9,9,519.2,57.68888888888889,4.777777777777778,-6.970219907407407
d197aa8fbc64087f61984deef05f6227,6,7,519.09,74.15571428571428,4.714285714285714,-10.284887566137566
ff4e2d38692ce827b1a4f4b8196e680d,11,11,518.9,47.17272727272727,4.2727272727272725,-13.39526515151515
a7dc4098e4da6e41b426269d12ae7e91,2,3,518.0,172.66666666666666,3.6666666666666665,-5.555748456790123
3296662b1331dea51e744505065ae889,1,1,517.8,517.8,5.0,-10.06613425925926
7e79d65b5c6f1f544b7daea036acf720,4,4,517.8,129.45,4.5,-14.068657407407407
9e6967d3cf386d284251784b18ccb485,9,11,517.67,47.06090909090909,3.6363636363636362,-6.015818602693603
64cc804291f90c81f02bfc2bb58ff55a,2,2,517.6,258.8,5.0,-7.8856423611111115
1d503743d2526f03f0c2c89540ee008c,12,17,516.04,30.35529411764706,4.235294117647059,-8.82068491285403
b87a7ea0c30fad2dd6781b74a0064859,9,9,515.4,57.266666666666666,3.4444444444444446,-6.34224408436214
a06c8ff043abea0528ee44171e2140a2,8,8,514.5,64.3125,4.75,-10.180092592592592
c157bdeedcbc9a8e3c8bf0d87ff24428,7,10,514.27,51.427,4.5,-14.015060185185185
312ba1d77e9c332ef21f9598b7f64cd7,7,7,513.0,73.28571428571429,3.142857142857143,5.444642857142857
4a82168aaef173cbb6e46ae88728f919,4,4,512.0,128.0,4.0,-13.123188657407407
2b2fed75b8e5ea3a052fc4c0825da485,3,4,510.9,127.725,5.0,-19.537960069444445
c3aad7dc65449ae90a5e9c3c6c1e78e0,6,6,510.0,85.0,4.666666666666667,-13.070034722222223
c53bcd3be457a342a97e39e5a9f0be22,5,5,509.5,101.9,3.2,-19.873391203703704
4be6b962d83299498bae2190f95d6566,11,12,508.8,42.4,4.181818181818182,-11.433565779320988
e6a69c4a27dfdd98ffe5aa757ad744bc,21,23,508.51,22.10913043478261,4.304347826086956,-15.318122987117553
33cbda8716511e27e556dff9d8418bf2,5,6,507.4,84.56666666666666,4.833333333333333,-16.99905864197531
5e49e3a44bdeb5aab2684258bbd4f525,3,3,507.0,169.0,4.666666666666667,-10.030725308641975
3ea00e1dea2b0659dbaf654735929220,7,7,505.0,72.14285714285714,4.857142857142857,-19.620291005291005
2493dc3f20131696a0ecdb9948051a8d,4,4,504.38,126.095,4.75,-23.336918402777776
20a7efa9721046319bdde5d60b6b5365,3,6,501.2,83.53333333333333,5.0,-15.660233410493827
39a5005f2605cbdb4f9ac14485cabfd1,3,8,501.07,62.63375,5.0,-13.659338831018518
97e995629983723d11830a829bc2b246,5,5,499.5,99.9,4.8,-18.60690740740741
13c2ed7698b3ca92dad49e849219da59,8,9,498.61,55.40111111111111,4.444444444444445,-9.191786265432098
ccbd753e6863fe7314dc6c0ca5a074e7,1,1,495.0,495.0,4.0,-18.264884259259258
265fdc289dffa9f1ad801c74f7d0de47,1,1,495.0,495.0,5.0,-7.127997685185186
e59e489e2ea74bd409b798b5daf49de3,3,5,495.0,99.0,2.2,-8.661877314814815
c458e2045a8aa8964f8879af03fdcce6,4,9,494.91,54.99,3.111111111111111,-20.101291152263375
fcba71d4d5db057f43249145e4eb1e27,3,3,494.55,164.85,4.666666666666667,-6.908395061728395
0951a6e282947e09cd47969f4ed0b47f,7,7,492.3,70.32857142857142,4.857142857142857,-7.330393518518519
c84592044b180dec206770c38603814b,14,14,491.94,35.13857142857143,4.428571428571429,-12.453935185185186
e601b04acf48b4576e73ddca9481f0dc,15,16,491.94,30.74625,3.875,-15.606803385416667
340636a908b13bbe0f4fb63fbe1d0c03,3,3,490.5,163.5,5.0,-9.192627314814814
b9c0ffa92f3ff9a5a3d45ef7213c0842,3,3,490.0,163.33333333333334,5.0,-10.798113425925926
48fb026ed7455a42f5d3e9390ed5088e,9,9,489.73,54.41444444444444,2.888888888888889,-14.346396604938272
7816cd9c5b1238e320545f5bf7eb80e8,1,1,489.0,489.0,4.0,-13.2021875
f88adb15807168d3c43d71021090ce4a,3,3,488.8,162.93333333333334,3.3333333333333335,-14.160671296296297
09bad886111255c5b5030314fc7f1a4a,5,5,487.5,97.5,5.0,-3.648627314814815
83a75eea11694e36e56dd0cb2240229a,3,3,487.0,162.33333333333334,5.0,-13.87815200617284
c7a0a13cbcf29d5ce51c8f80afdc0b89,8,9,483.08,53.675555555555555,4.222222222222222,-13.447678755144032
c1f12f926d0ba950578b4fa41115cbb6,2,4,479.6,119.9,4.5,4.607771990740741
0c7f30ae9b147eca07affbef92832a6a,5,5,479.5,95.9,5.0,-16.200020833333333
32fdd5d44ecb43dfd6a24b9369eca144,8,8,479.2,59.9,4.375,-16.203046875
25be943a321c8938947bdaabca979a90,3,3,479.0,159.66666666666666,4.333333333333333,-9.076033950617283
bac692d6c0ed08467878018e6cc9c26c,1,3,477.0,159.0,4.0,-16.121342592592594
f1198c871e0171278b63f40d112caeec,2,2,475.8,237.9,4.5,-6.769826388888889
29e6e05b65f93bc224c644319dc52ecf,4,4,475.6,118.9,4.75,-14.186218171296296
7402d13c03a7e91366337cd1de471144,3,3,473.89,157.96333333333334,4.333333333333333,-10.469182098765431
e1b12447a7563944843191754aeb5562,9,10,472.46,47.246,4.5,-6.265219907407407
e3dd723429d1b23614b7fa85e2c7a853,7,8,471.05,58.88125,3.375,-6.447835648148148
270d3ef21830ad0ecf3a6c53d08a533a,5,17,471.0,27.705882352941178,2.2941176470588234,-8.384717456427015
2953ce3a88f5e3c3b696d77fc9e4c8eb,14,15,470.0,31.333333333333332,4.666666666666667,-4.109384259259259
b0b346d3a89f5eb4c2968af3f083cd43,9,9,469.0,52.111111111111114,3.7777777777777777,3.242889660493827
8fec2e460530482132c436cfb5439925,3,5,468.46,93.692,3.8,5.76075
038b75b729c8a9a04b0d07cba7eabe86,2,2,467.0,233.5,3.5,-0.800167824074074
c42fd8e4d47dfb18ce5222f2dd7752f9,7,11,466.99,42.45363636363636,4.0,10.124243476430976
9fc70243fb26800cba56e8f014797004,6,7,466.6,66.65714285714286,4.571428571428571,-10.616340939153439
feb793c88d836c3a75efa4b5a3465d70,1,1,466.0,466.0,5.0,-7.203784722222222
ee2fbacc2fc3794e656cc4d933d59ce7,2,3,464.97,154.99,4.333333333333333,-11.261554783950617
651fe66032c9520ee5587f694908040d,7,7,464.0,66.28571428571429,4.0,-8.301011904761905
0a82f5fb06a4fe4ac2cf7cb412ec71b8,2,2,462.0,231.0,5.0,-9.189409722222223
cb0b3bcf14e0a709df412a99424a59d7,2,2,460.0,230.0,4.5,-9.432806712962963
aec99834ab5d38ead22766ada8497e87,1,1,459.0,459.0,5.0,-12.015474537037036
8b2d4ab22f42c5cfc338b846decfda60,6,9,458.0,50.888888888888886,4.777777777777778,-12.655670010288066
dd88d13bea9e4c2bf47daf224f8141e5,1,1,458.0,458.0,5.0,-6.359247685185185
e546117ed9cafbc40239c0c78635c584,2,2,456.0,228.0,4.5,-9.377575231481481
117cfc326c6d50da67ca858ff5c0c852,5,5,454.6,90.92,4.6,-8.429453703703704
35857757f553273b1056c1cabdace7fb,6,6,454.6,75.76666666666667,4.0,-5.092432484567901
b248792ac0b60ec3f93d80af1b4fae47,7,9,454.5,50.5,3.7777777777777777,-7.288031121399177
55029529919c0123526150bd26ca8f20,7,7,453.95,64.85,4.714285714285714,-13.691099537037037
fc4751cfe3b279c419615b9b00c1abb4,1,1,453.7,453.7,5.0,-27.32818287037037
7994b065a7ffb14e71c6312cf87b9de2,5,7,453.0,64.71428571428571,5.0,-21.731317791005292
e5899683388855d3dabe8913bbe365de,3,3,452.88,150.96,4.0,-19.321427469135802
b7cc6c5e001441ae8cdd5c69a480cbe4,5,5,452.8,90.56,4.6,-13.772645833333334
777a0c55737f34ffeb78010f7542ab41,6,6,452.5,75.41666666666667,4.333333333333333,-9.25639274691358
eb5b6204dde3a6e03b5f1bb8479f055b,19,21,452.2,21.533333333333335,3.857142857142857,-12.424037698412699
08f5819815f3d06545011850bd70f0a8,3,3,452.0,150.66666666666666,4.666666666666667,-14.61341049382716
4de6e4ba574aa9dfdc824bc44dc47fdd,14,14,451.1,32.22142857142857,4.071428571428571,-17.600171957671957
968ee78631915a63fef426d6733d7422,2,2,450.0,225.0,3.0,-15.86433449074074
101a3a003516bc11253298b2fad3cb65,5,6,450.0,75.0,4.833333333333333,-7.08955825617284
d90fe2229fee1a5da999ccd0c06c1667,3,3,450.0,150.0,4.666666666666667,-14.753614969135802
3d4824f20035949c710eaf111f869d39,8,9,449.97,49.99666666666667,3.7777777777777777,-16.191177983539095
bbaff50f3b708fda865918715276cd87,12,16,449.7,28.10625,4.8125,-6.901723090277778
a11a0e0ca67423425691db355cff69b0,2,2,448.9,224.45,5.0,-5.418240740740741
3d0cd21d41671c46f82cd11176bf7277,9,11,447.8,40.70909090909091,4.7272727272727275,-11.294749579124579
5e106d93b717c2682b9383da480364a1,1,1,445.9,445.9,5.0,-25.25230324074074
a5bff0f43eb51f0cad7c37fac7244c8a,4,5,445.0,89.0,4.8,-12.38076388888889
b3f19518fcec265b2e97af287725f981,8,8,444.92,55.615,4.375,-12.279686053240741
768de2a4fc06aacecb9a586ccc30746a,13,13,442.7,34.05384615384615,4.384615384615385,-11.825529736467237
f22a247b79dd22ecd91dc8e3b2a1b07c,8,8,439.94,54.9925,4.0,2.4642997685185186
64c9a1db4e73e19aaafd3286dc448c96,1,1,439.0,439.0,5.0,-8.945277777777777
c3251e13f1bbda6c74e37c160f991e19,2,2,437.8,218.9,5.0,-29.518628472222222
b29d3380981c51df13fc6fbe87e1763d,6,7,435.3,62.18571428571428,4.0,-8.879603174603174
98115075dd26cb8835946fc6086f5d30,4,4,434.96,108.74,4.75,-6.302462384259259
26d6bbee02420494d471c9f6436929c0,12,13,434.51,33.423846153846156,4.6923076923076925,-9.866946225071224
d4e4b5192cba4e0e66eb12a9d347239d,11,11,431.9,39.263636363636365,4.454545454545454,-15.337435816498317
bc503e244f187939d10c92a5c8e378ce,6,13,430.31,33.10076923076923,4.153846153846154,-10.607557870370371
4e480be820e37de1444325ff358c9296,1,2,430.3,215.15,5.0,-9.057685185185186
8bd0e3abda539b9479c4b44a691be1ec,6,12,425.75,35.479166666666664,1.75,-12.509395254629629
2c3d56f92f360fb89d849b84e8f50eae,7,7,425.1,60.72857142857143,3.4285714285714284,-4.674560185185185
939e6227d6964a11a70aa91243e418f2,4,4,425.0,106.25,4.25,-6.3007204861111115
a45314082d50d578a4721c9787ce09ab,2,2,424.9,212.45,5.0,-5.201302083333333
dc50afafdfa325eadc890c7fa42a8f4e,4,4,424.2,106.05,4.75,-11.016892361111111
b080809eaacb49e5ca07290981472431,11,11,424.0,38.54545454545455,4.818181818181818,-9.670307239057239
acf974e4d5950ad143a247471b831eb9,5,12,423.8,35.31666666666667,4.8,-15.282298418209876
7c1fea10b5b006671d608b1d7c446ec4,14,14,423.6,30.257142857142856,4.0,-10.085941633597884
41e0fa5761c886a630994a55c12087e7,5,5,423.6,84.72,5.0,-18.844953703703705
5dc203c7b84a0e71e878a179de05fb9a,5,5,421.9,84.38,4.0,-11.610479166666666
c714262700f93defc16bf17a51a4cb23,4,4,421.8,105.45,3.75,-9.837702546296295
9d5604a1f112324ad6b2aa552122e0fb,13,17,421.5,24.794117647058822,3.6470588235294117,-13.418914760348583
cc80e2f693fa6e2408f47ccf62413fc1,2,2,420.0,210.0,4.0,-16.12474537037037
189ca3538ce9f920cacf0f982cbe223b,4,5,419.0,83.8,3.8,-9.195143518518519
7bcd7c5f8631701474db233ccf1c094b,8,8,419.0,52.375,4.375,-11.906885127314816
38102b031c2a15e54623d711bfc753d3,8,10,418.0,41.8,3.9,-13.993623842592593
6d7f8d9d594e28796b6b3205b00f459c,3,3,417.9,139.3,3.6666666666666665,-4.431628086419753
7b7f91e98f8c6def45a1407923304402,11,14,417.47,29.819285714285716,3.5,-12.474468419312169
b64d51f0435e884e8de603b1655155ae,17,23,416.18,18.094782608695652,4.130434782608695,-8.915561594202899
f650a9708fa1bab22bdd8d3a818cc415,4,4,416.04,104.01,4.0,-20.70964699074074
a53f60f05f822b5c621a50ff6a5cb362,4,6,415.4,69.23333333333333,2.6,-19.40525462962963
34a557286ead8fe75c989e0afcf7d98c,4,4,414.9,103.725,4.75,-10.463295717592592
35fb511489d9ee3ee27a76debce9df06,7,7,414.5,59.214285714285715,3.5714285714285716,-9.936213624338624
ff1e15b778c700abdd4d239b81ac466d,7,7,414.3,59.18571428571428,4.571428571428571,-7.215803571428571
bd149ed516d4c5d418d5781f8e18919f,8,9,414.0,46.0,4.888888888888889,-6.623496656378601
acb6c2ca5c82411c1fdb88d5fd5eb95e,10,11,413.88,37.625454545454545,3.727272727272727,-15.214881102693603
042573af89b6d931f672efaf789d8358,3,3,413.48,137.82666666666665,3.6666666666666665,-0.3888503086419753
ead2bab70821ea148476ae9bc08548ac,9,9,412.1,45.78888888888889,4.5,-18.672566872427982
a35124e2d763d7ca3fbe3b97d143200f,4,7,411.5,58.785714285714285,4.428571428571429,-11.771755952380952
b1204cfda1d4948679db3cfc0d3cb95c,6,6,411.2,68.53333333333333,4.333333333333333,-19.989172453703702
86ff3eaef0267069cc891a2ed9d10a17,7,7,409.75,58.535714285714285,4.714285714285714,-16.46095072751323
5275ca25d0358ca73864e0ae41be1320,4,4,409.6,102.4,4.75,-2.541837384259259
f4ce8ca9fa7157e3b33f536ac9a4487d,4,4,409.6,102.4,4.75,-6.74050925925926
c3f5668699a1b04c0fa61ecea1e2bff6,3,3,407.81,135.93666666666667,5.0,-4.600208333333334
c7dcd301ecfe5ab7f778ac172cf74be7,3,3,407.79,135.93,3.0,-28.227681327160493
20a8b0dc55da94fe74d112082427c84f,7,7,407.4,58.2,4.285714285714286,-3.8480555555555553
6b803197e03abd5056b4313306b4f29d,7,12,407.0,33.916666666666664,4.833333333333333,-7.487849151234568
4a23adac87cf538689fa600d976f78b2,3,3,405.0,135.0,4.333333333333333,-8.235327932098766
179d859f51292aac5c10806a356f7af9,18,19,404.47,21.287894736842105,4.315789473684211,-9.134731968810916
ed9eef5be0992d413d251fadba1a410d,3,9,404.1,44.9,4.555555555555555,-18.69676183127572
5563732abe64c3036cb97ad924128dd1,2,3,404.0,134.66666666666666,4.666666666666667,-10.152588734567901
0ddefe3c7a032b91f4e25b9c3a08fca1,9,10,402.9,40.29,4.5,-7.943556712962963
29fe9f200d3fa0c668d2aa1ec7e08dfb,5,5,400.0,80.0,4.0,-15.182108796296296
d7485b33791774c36108f8c69602d48d,10,10,399.82,39.982,3.7,-11.547700231481482
63ffcb71394dd8ea3872ed9ffda17c74,17,17,399.0,23.470588235294116,3.176470588235294,-10.460234204793029
d263fa444c1504a75cbca5cc465f592a,1,1,399.0,399.0,5.0,-13.050289351851852
fadb07c842a2aef5d5a676b85f220e71,7,7,398.75,56.964285714285715,4.714285714285714,-15.426787367724868
73da1880b39c71de2b262bc7720c1494,2,2,398.0,199.0,5.0,-13.28140625
48e954b2da4f6a750c844173b347ed40,2,6,397.8,66.3,4.166666666666667,-28.111199845679014
c52c644cc0dc85121207a27013efc6af,1,2,397.8,198.9,5.0,-4.2559606481481485
12a8eb0f8d1cd3270695bf2a99f55966,2,2,397.0,198.5,3.5,-9.123460648148148
62760d278921b5f352461620d68a9cee,3,3,397.0,132.33333333333334,3.6666666666666665,-13.732349537037036
41b14765bd56c8ad10971074380f9c0c,8,10,395.5,39.55,4.1,-14.321952546296297
9b76ad3d04236f76bc71c59470305e13,2,3,394.7,131.56666666666666,5.0,-10.33204475308642
0249d282d911d23cb8b869ab49c99f53,11,11,393.0,35.72727272727273,4.2727272727272725,-7.5322874579124575
89bc797e2e29667aa035d4368f9b7f92,16,19,392.4,20.652631578947368,3.8947368421052633,-20.28547331871345
bc30de0d71bd6260b936a026b5cf7200,3,3,392.37,130.79,4.666666666666667,-19.639679783950616
59cd88080b93f3c18508673122d26169,10,12,392.33,32.69416666666667,4.75,-7.635603780864198
fe4cd9461203cee790d36792420b310f,3,3,391.15,130.38333333333333,4.0,-9.378761574074074
c13ef0cfbe42f190780f621ce81f2234,1,1,390.0,390.0,3.0,6.629965277777778
8936ba0de1073ee888cb3185ae5dc661,1,1,389.99,389.99,5.0,-9.438912037037037
4049512728d969bec69f84088b012416,7,9,389.84,43.315555555555555,5.0,-17.12088091563786
0fe2d9733ed841eb064503920015a8c0,3,3,389.64,129.88,4.666666666666667,-12.552743055555556
a7ecf689b40a44361e259b28939023e4,1,1,389.0,389.0,5.0,-8.15638888888889
432c67955c0acd1fd6b0b5d678766a71,1,1,389.0,389.0,5.0,-47.54
c1849d4d32d7a6cecd5aa471809d3135,3,3,388.98,129.66,4.333333333333333,-1.924236111111111
2009a095de2a2a41626f6c6d7722678d,8,12,388.89,32.4075,3.9166666666666665,-11.006820023148148
b98b715fe9e276204e2a3464f48cd796,4,4,388.6,97.15,4.0,-22.446293402777776
78ef7e885d17f35e2382a47aae8b8cce,3,3,388.0,129.33333333333334,4.666666666666667,-19.459309413580247
b6dc74ed30f124f95227bed4e43a3bed,9,10,387.56,38.756,4.7,-10.561546296296296
94d76e96eedd976258cd3278ce56d5f2,1,1,385.61,385.61,5.0,-6.479988425925926
a21c11ec5c3f03e7cc9f9203bff9e1c6,3,4,385.0,96.25,3.0,-13.755567129629629
559d56f3b8f0bc2e5a9a62fe2ce2a39f,2,2,385.0,192.5,2.5,-1.5272511574074075
a080fc8a850289b27500f6b49cca2553,4,4,383.0,95.75,4.75,-8.657502893518519
ab27bbbad5239bc31a34709275a70db4,3,11,382.9,34.80909090909091,5.0,-10.849045664983166
ea00f977a203ff88adf7057cb7806998,18,18,381.73,21.20722222222222,4.277777777777778,-5.532168209876543
f7315bb81aea4ddca2d39e249a801c98,2,2,379.8,189.9,4.5,-5.713802083333333
f5b44895715ddfe3087dc414f30268f3,19,19,378.8,19.936842105263157,4.0,-8.985293006822612
bd15ee794d5e640d9dd71b665b2ab15b,12,12,374.8,31.233333333333334,4.0,-13.541161265432098
c24173065483e421f9e5e7f599de101d,9,9,373.91,41.54555555555556,3.5555555555555554,-5.346283436213992
404e1ba01358af4cd63f679b2c4d1fa1,8,12,373.9,31.158333333333335,5.0,-18.902311921296295
08084d990eb3f53af056ccbc1730c8a7,12,12,372.5,31.041666666666668,4.454545454545454,-14.99122299382716
6d988d6174a2c27441597174f8905515,19,23,371.73,16.16217391304348,4.260869565217392,-8.759278884863123
0bfd0b434243adc5c2e1aa6baf19c6aa,6,6,371.2,61.86666666666667,3.6666666666666665,-19.80938271604938
70125af26c2d6d4ef401a1d02ae7701f,5,8,371.2,46.4,4.625,-2.597718460648148
4dbd95a08b31ede5c82d3f861cb1ce1a,4,4,370.78,92.695,4.75,-16.037942708333333
0f0c984a4a955310903b6b6008660bad,4,4,369.81,92.4525,3.75,-9.277511574074074
131fcb0a0c9a47bba4474aacff0f14b7,4,4,369.8,92.45,4.0,-7.159372106481482
916748bc99315c2d202898ae58b1617e,25,32,369.4,11.54375,4.34375,-9.077179181134259
63191ead8d3b2f937cd1996fdcbbad20,1,1,367.0,367.0,5.0,-25.39877314814815
499ec63c58e51296c9cf57edcfe1c8a8,5,5,365.0,73.0,4.8,-11.835502314814814
f12d3c2a14729ae461b920c11fe20fdc,9,11,364.45,33.13181818181818,4.2727272727272725,-11.24285563973064
4e85b538b0dad58852641540686d0e14,4,4,361.98,90.495,3.75,-5.189976851851852
35ef5aa32949680f627efec3c23e705c,4,5,361.6,72.32,3.2,-16.720074074074073
a435b009cd956ea60748b5cfbddf2e24,3,3,361.18,120.39333333333333,4.333333333333333,3.1874074074074072
b56828a9f9027f3c918c04ca720d9e3c,3,3,360.0,120.0,2.6666666666666665,-8.498858024691359
76de363de16dacc923eec8daf91df504,2,2,360.0,180.0,2.5,-14.120885416666667
fa14641f57b655e933124a9ea49cd7a5,7,7,359.93,51.418571428571425,4.571428571428571,-11.394869378306879
1e8c6a4c538f286aee9573239740a4b4,5,5,359.7,71.94,3.8,-13.413328703703703
03bd479e1d9484cdb14104d3023f7321,3,3,359.7,119.9,4.333333333333333,-4.887588734567902
184725737946a1a938bbbd1a9e978103,3,3,359.7,119.9,4.666666666666667,-2.0355131172839505
51209b446b2073894bdc0face6c73ffc,2,4,359.6,89.9,4.0,-16.43596064814815
3076499bbc033a927bf4a8a41bcf7fd4,7,9,359.33,39.925555555555555,4.444444444444445,-9.013213734567902
ffff564a4f9085cd26170f4732393726,8,8,359.0,44.875,3.25,-47.54904658564815
173d56ffbd4c56cb80fc3615487d712b,2,2,358.0,179.0,5.0,-16.24827546296296
f44bdc12aa39f5271f0b95f66cd4c289,5,7,357.5,51.07142857142857,2.857142857142857,-5.788338293650794
9dd59e43f0c9f0553244e8f9c2fb247e,10,10,356.3,35.63,4.8,-12.909622685185186
24c1de8d9551c0b4fbc53317d53efda8,1,1,355.0,355.0,5.0,-22.441875
761681a821d8275bc79f552116d06869,3,3,354.92,118.30666666666667,5.0,-17.20784336419753
9b00cad94ef3078faf6fba2e792c158f,1,1,354.9,354.9,5.0,-15.097604166666667
8fd3b4468f6425810648177996c14cbd,1,1,354.9,354.9,5.0,-18.54425925925926
a2fa0bdc798ee84cdb08281337cf4fb6,8,11,354.86,32.26,4.818181818181818,-6.126130050505051
44f091b5abab8018f682fce8124b85e5,3,3,354.4,118.13333333333334,3.6666666666666665,0.42756944444444445
b88e7c57cb2d8b973b7dd4a2bfa14b36,4,4,353.9,88.475,4.25,-14.916964699074073
de66a66f2dd06bb9ec37aa96987466a3,7,8,353.32,44.165,4.25,-25.873441840277778
b67d6c666e8dce1d078c882825e12704,7,8,352.84,44.105,4.875,-8.575837673611112
52092ddbd3a58c450a4459bf051b2287,6,6,351.7,58.61666666666667,4.333333333333333,-11.095829475308642
e53d5b9b29d1218281f4a907ada18626,4,5,350.67,70.134,4.8,-16.092650462962965
b7d5b4b87af9d42b601865d3f3810bff,1,1,350.0,350.0,3.0,-20.587025462962963
97e4a63591ca439a2b8b7efd20e6e19e,5,5,349.95,69.99,4.4,-11.903319444444444
52bb00821bcdd358a5a5a27e1f6be5a1,2,2,349.8,174.9,4.5,-8.21310763888889
079d295dcbf06ee8bb1b65ba964eb2b6,5,10,349.3,34.93,4.8,-9.841753472222223
27a56ff04b34c2ba34ce6ba4d3b9d616,8,8,349.29,43.66125,4.125,-9.328110532407408
249f0e9905a6e06ad6c6bea7547ab9f6,3,3,347.95,115.98333333333333,3.6666666666666665,-18.920628858024692
79565f7d5603b24ddf07ade262547f2f,7,7,346.0,49.42857142857143,4.428571428571429,-10.515087632275133
918717417d88a9f9ae9735567e6c7682,4,4,345.7,86.425,5.0,-12.621461226851851
48efc9d94a9834137efd9ea76b065a38,33,34,345.6,10.16470588235294,5.0,-23.707864923747277
a37c340b91cb0169e8b029db6440fba2,5,5,345.0,69.0,4.8,-11.65300462962963
38af8acfd46ac4a7bf754e8ca6736664,5,5,345.0,69.0,4.8,-13.40300462962963
f5fea3ffed6c2e889bab72705557c63a,1,1,345.0,345.0,5.0,1.6988194444444444
26b482dccfa29bd2e40703ba45523702,3,4,344.78,86.195,5.0,-7.384016203703704
3985a3c45be355a4c57fde108bfabd1c,7,8,344.2,43.025,4.125,-17.291063368055557
7957cac1a02f45d0a4a7e45626382ec2,1,1,343.0,343.0,4.0,-1.2548263888888889
2a73cba571d90c694b7caca072ccf6ce,1,2,342.78,171.39,5.0,0.7170949074074074
6219ba2359cfb97f2e38fd4c321eb309,5,5,342.6,68.52,4.0,2.957854166666667
b9ec22de23f18567de0e09d776ca0309,2,2,341.98,170.99,5.0,-26.676741898148148
89de2d6f23e9746ff309705b23581faa,8,8,340.0,42.5,2.7142857142857144,-16.088311631944446
ae8bfdbf1c2a2a2dee92d799db0a31c6,8,8,339.92,42.49,4.125,-15.107581018518518
6650fcccd8cd2f7e55ffa524f30c4c59,2,2,339.8,169.9,3.0,-11.643778935185185
2f4b0d3b9634b647d4edee577d7ebb7e,10,11,337.9,30.71818181818182,4.909090909090909,-7.129875841750842
e627629ba868740e287800f1a9be81c2,11,11,337.1,30.645454545454545,4.909090909090909,-10.960602904040405
0743a0239d764b9a0f959a57d07e36ab,4,4,336.96,84.24,4.75,-6.329782986111111
c8660dcf9ba70575f45d80fe28c27713,4,7,335.0,47.857142857142854,4.714285714285714,-11.332929894179895
a64e44665225d19dfc0277eeeaaccc57,6,6,335.0,55.833333333333336,5.0,-6.176284722222222
333c4210e76a1aa2ab817b99437e3ff1,2,2,335.0,167.5,5.0,-22.7071875
2c538755f1ca9540af144f266e70df6c,1,1,334.99,334.99,5.0,-16.135752314814816
61b18775be84fb700a6b2d0ba097bf66,4,5,334.5,66.9,4.6,-9.199828703703703
7c4618c82226628831613e95e9c22f44,13,13,333.93,25.686923076923076,4.076923076923077,-7.111040776353276
ce616e1913288884e7742faac9d981db,14,22,333.3,15.15,4.636363636363637,-11.787382680976432
c113b8df1fc375bc3d73d29c1b1144d1,3,5,333.0,66.6,4.2,-20.86505787037037
d36b07fd3c5088e477a72d1fccfe29d4,1,1,328.9,328.9,5.0,-10.29175925925926
f18112da765e0971ca5d510dec322bdd,2,2,327.8,163.9,4.0,-6.736521990740741
4b98b0428fc1932cc2514ef9ce2505e6,2,2,327.63,163.815,2.0,-3.832430555555556
6c1b6d0c604b776f844125f911eb7377,4,4,327.07,81.7675,4.0,-14.389140625
08d0949a9a17c027262db1f3c450c26c,12,12,324.8,27.066666666666666,3.7083333333333335,-11.10052276234568
6bd503a8230299c9316fb0f726933927,4,5,324.29,64.858,4.6,-5.989634259259259
7dea6f73af847b42cc3985bd620f994d,2,2,324.0,162.0,4.0,-10.681782407407407
0747d5bb69f0586cc869d8af4c50f93e,12,13,322.8,24.83076923076923,3.8461538461538463,-15.794675925925926
92d14edfb62ee5ae7fdff70b0f4e7233,8,13,322.0,24.76923076923077,2.769230769230769,-11.423198005698005
a81466620e46a6970b22ef40379fdfc9,2,2,321.8,160.9,5.0,-16.29453703703704
7b7ed56ae755e2880f2b69632e839c1e,5,5,321.5,64.3,4.2,-4.336277777777778
d149de2f383552baea37a7198c2296ce,3,3,320.7,106.9,5.0,-5.710385802469136
d2f3e277560ed4c6361284429b00f037,7,7,320.55,45.792857142857144,4.714285714285714,-15.24807208994709
eb9267cccc90f1b49c8d2f9887c7dd97,1,1,319.9,319.9,5.0,-9.283321759259259
883dd81e82754ac2c65e9790a7db8c9a,5,5,319.5,63.9,4.4,-18.007805555555557
c611f4ce9ce875bcc063fa97fd4d7d12,1,1,319.0,319.0,4.0,1.6859375
1e9d5a33694bddb76316fd1f54734d20,2,2,318.0,159.0,4.5,-7.7234895833333335
57d2ba47f7a3209aa347532ae75c1165,2,2,318.0,159.0,4.0,-13.10578125
2d22fc3089eb907b29ebff50581fb472,3,3,317.7,105.9,3.6666666666666665,-9.991539351851852
ea4e9ce63a2134743b4a92777437fcdd,3,4,316.6,79.15,4.75,-27.475109953703704
9cf787a239c1aa29dbd76f153dc13f9a,4,4,316.0,79.0,4.75,-16.599366319444446
cf1313c6e2c01c2f4b014f97db4bcd2b,5,5,315.7,63.14,5.0,-10.659053240740741
3b18f9856c6eb2413eafedb58e9eecd9,1,1,315.0,315.0,5.0,-16.167673611111113
da20530872245d6cd9d2f5725613c430,2,3,314.96,104.98666666666666,4.666666666666667,-13.255725308641976
12c2ed9cded6138cf0c75f525f565fc7,4,4,314.96,78.74,4.25,-3.385413773148148
9ac4f14370b1e24ddc58be041b7f99df,5,5,314.51,62.902,4.4,-14.562967592592592
8c9348f33ae3dada25c99c99ade2af78,2,2,312.99,156.495,5.0,-19.16521990740741
3afc536624bc2e65bddfb5db33cc01f3,6,6,312.0,52.0,3.5,-8.926670524691358
1acde099eb406aa220b1169b188b42da,9,10,311.1,31.11,4.3,-7.362410879629629
df47da4ae86fa4db890d05aaf24e21d8,5,5,310.5,62.1,4.2,-17.42118287037037
ad87df7699e83b8a91822a4a0b765c3a,5,6,309.9,51.65,3.8333333333333335,-15.878778935185185
ba89796db68db180bd389de96b2ff3b6,2,2,309.8,154.9,5.0,-10.904427083333333
0cab2da43793a6f3c5ed8514c5f54627,3,3,309.7,103.23333333333333,5.0,-20.467916666666667
ebd1417732defaf66c50b5a800eb293e,1,1,309.0,309.0,5.0,-21.475034722222222
152ee17e4c8aaf53dac99f3462e4999b,6,6,308.96,51.49333333333333,4.333333333333333,-13.563597608024692
1b45169b635ef59425637e9a33eb5fb3,7,8,308.9,38.6125,4.625,-18.995666956018518
dbbcfe2c8d026742134ac3e28ccde274,4,4,308.59,77.1475,4.0,-15.257853009259259
b127efdabeffb5d559349c7b172eb75d,10,10,308.5,30.85,4.8,-19.308587962962964
85cc55e048b6bcc90c75afe7f0e72f72,9,9,308.28,34.25333333333333,4.444444444444445,-8.594420010288065
a7a9b880c49781da66651ccf4ba9ac38,3,4,307.6,76.9,3.75,-11.769675925925926
9c3c24eca51c52b91c1de727d2a2ae06,6,6,307.5,51.25,4.5,-23.479822530864197
48bad451945f5227341793478d6353ea,3,3,307.0,102.33333333333333,4.0,-13.940003858024692
e94b64dc6979b302a5a5be1662c83bb6,2,2,306.89,153.445,5.0,-15.32521412037037
bc39d8938f90a3a2b98193723ed59774,2,2,306.8,153.4,4.0,-12.180769675925927
6d2f2e3b539480db1e0842b3a4e32e6e,3,6,305.96,50.99333333333333,4.333333333333333,-8.268180941358025
085f6f7e049c996695fb2074fe38d45e,6,8,305.4,38.175,3.625,-14.449039351851852
c76d418370990614e89e956c7a7567d9,2,2,305.24,152.62,3.5,-14.84693287037037
51f108f62cb87d61918159902c8f8583,3,3,303.73,101.24333333333334,4.333333333333333,-16.811195987654322
3d01d1c414c44b5943a09619ff3853cb,4,4,303.6,75.9,4.5,-13.1515625
ad75519a07f039025e83795a4418470f,3,9,302.1,33.56666666666667,3.2222222222222223,-17.83957818930041
a3082f442524a1be452e3189e003b361,3,4,301.6,75.4,4.25,-11.553356481481481
2b3b9ce054da76a7428df143a567b156,5,6,301.0,50.166666666666664,3.1666666666666665,-16.97046875
6179a28a13a726c29b3bf54c070dccab,1,1,300.0,300.0,5.0,-9.053784722222222
3a3e46d10f74d8a6ca76e2b538f106a0,2,5,299.9,59.98,4.8,-20.089493055555554
2b402d5dc42554061f8ea98d1916f148,1,1,299.89,299.89,5.0,-24.320833333333333
69a43819c758c65a5befb0b471c954d7,2,3,299.85,99.95,4.0,-23.62065200617284
ea3ebea5317b0efbc663ecc8ce5e9bc2,3,3,299.7,99.9,4.0,-15.540046296296296
6d1b9c9579132c87d2703ec38c30f2c5,4,4,299.69,74.9225,4.5,-14.995578703703703
71593c7413973a1e160057b80d4958f6,2,5,299.5,59.9,3.4,-2.9898425925925927
b76f4d90e85657a240495c876313adc5,1,1,299.0,299.0,5.0,-5.402083333333334
f00f5b35d0abcacbdd863672f4bb2c1a,1,1,299.0,299.0,4.0,-20.25003472222222
a8739afb32aaa45e01815ca76f76f54b,13,15,298.83,19.922,3.466666666666667,-9.341207561728394
9d489893ff6af05029671b785f54b998,5,6,298.7,49.78333333333333,4.166666666666667,-12.468591820987655
b76a1f8356322f12529c37b67d5c96c2,5,5,298.5,59.7,4.8,-10.358127314814816
791cfcfe22fe4a771ece27f90017da92,1,1,298.13,298.13,1.0,5.793865740740741
c5ebe6598748b0aeaa61cfb820478b92,3,3,297.0,99.0,4.666666666666667,-18.39206790123457
0ec28cec4046a4a199b6de9b4c891d97,3,4,296.6,74.15,5.0,-5.838868634259259
eebb3372362aa9a46975164bed19a7e7,4,4,295.96,73.99,3.25,27.664864004629628
a806a4bb063ea7ca6d374eafa50a6058,5,6,294.4,49.06666666666667,3.8333333333333335,-21.716350308641974
9b1ab052f5fca308ba743ac789ebb2e1,2,2,294.09,147.045,4.0,-16.024091435185184
c286ec035ee04ba81c97508f0b5df544,1,1,294.0,294.0,4.0,-8.80849537037037
2bf28e311bba65237358230cabac3f15,7,8,294.0,36.75,3.875,-9.578953993055556
2f4b9d112bfa44a214bc6cef085d17c8,5,6,293.99,48.998333333333335,4.333333333333333,-25.462874228395062
9d39404483343dd55c7ae254494d8388,10,10,293.2,29.32,3.5,-10.849030092592592
48b6c3f4c6a93171da04b75313f2130f,2,2,290.26,145.13,5.0,-8.226244212962962
aadfe0417e61315688b6bd7043361e25,1,1,289.9,289.9,4.0,-15.154178240740741
ede2977fbaf3738583170735ca403f6c,1,1,289.9,289.9,5.0,-14.285636574074074
f410c8873029fcc3809b9df6d0b28914,2,2,289.8,144.9,5.0,-6.7201967592592595
4dc646b9b9e8e411ef48ba000ea3ac6f,4,5,289.7,57.94,2.4,-6.872196759259259
adbe70ab2c97442046d393988c8d1d27,5,5,289.5,57.9,5.0,-7.971451388888889
aded58c8142dedc5494a81f948431fab,4,5,289.5,57.9,3.2,-13.864150462962963
04ee0ec01589969663ba5967c0e0bdc0,1,1,289.49,289.49,5.0,-12.453877314814815
392353362d22cc2c236e1ee81ff19890,5,10,288.7,28.87,4.6,-13.866181712962963
ce20a2ec1514c25e16f2b5b39bc818f0,4,7,287.0,41.0,4.857142857142857,-14.224651124338624
bbe87dce25ba8b38bb61cc7210a3f10b,2,2,287.0,143.5,5.0,-16.334878472222222
615005a3ef192c00c6f0e977cee3d2bc,10,11,286.5,26.045454545454547,3.909090909090909,-10.264978956228957
e83e93b71371817b11d78a63ff156aee,2,3,286.0,95.33333333333333,4.666666666666667,-7.725192901234568
a9ae440659f48b7849df83e82734150b,1,1,285.0,285.0,5.0,-31.108541666666667
10264f60a8f0a4d2f30810f5c661c673,4,4,284.6,71.15,5.0,-7.955245949074074
ea1776927851da2532aa70d6a32c095a,2,2,283.9,141.95,3.5,-8.03771412037037
86bf77bdb52e615674772d5817c6212f,4,5,281.8,56.36,4.8,-14.352627314814814
83c465a786b06574376909b35ef6752a,3,3,281.4,93.8,5.0,-20.955069444444444
b8a0adc91af209270c2c725168eb00fd,6,6,281.4,46.9,4.0,-12.648800154320988
579891617139df7d8671d373f0669622,8,8,280.3,35.0375,4.5,-10.105457175925926
6dc9bec584588412a6a338830946a3e4,1,1,280.0,280.0,2.0,-43.70199074074074
4e0d109ccfba9a1151c103049880c857,2,2,279.89,139.945,3.0,-14.857077546296296
28fb0829fd777877cdc350d25cb5bd5b,2,2,279.8,139.9,5.0,-10.117546296296297
19a7c9f66ffa6452ff4b4c0cca71da27,1,1,279.0,279.0,5.0,-27.136944444444445
d2572f31e9023e9850ef986a636ff9bf,1,1,279.0,279.0,5.0,-20.349328703703705
debe6615cd90cc0c2eac2b8988e1f628,5,5,278.5,55.7,4.6,-13.479270833333333
fb8904a8ea99f8831b64ce27db2c1765,2,2,278.0,139.0,4.5,-2.5794560185185187
94c49f20a123aeb9360dbf80ff912bf6,3,3,277.75,92.58333333333333,3.6666666666666665,-12.989540895061728
2ee0a0689f2f6a72f35a7cb6033f6e7e,4,4,272.0,68.0,4.0,-11.232589699074074
e603cf3fec55f8697c9059638d6c8eb5,7,10,270.0,27.0,4.7,-23.605258101851852
f682e0f848abafc6f41e0d4e868c66ef,2,2,269.98,134.99,3.5,-1.2297280092592593
bab0a8cd684e41ba6e2637dca0979d3b,1,1,269.9,269.9,5.0,-9.119675925925925
87d73636a3acf123e842bb890a4db036,1,1,269.9,269.9,5.0,-2.3618055555555557
dcf3755cefcdc158ad0b7bdde51e871b,3,3,269.7,89.9,4.0,-13.71588348765432
09883d9ab71c8fe8a9bfc7fc3075b07e,4,4,269.6,67.4,4.0,-4.489267939814815
6bb66d9870c2e01c05655c7ed0e7ee13,3,3,269.0,89.66666666666667,3.6666666666666665,-14.49943287037037
58c851d1a3c7cd3da329eb59453fed44,2,2,268.99,134.495,5.0,-10.609623842592592
d73cbd89533ce8b041a9190241453ac8,3,3,268.7,89.56666666666666,4.333333333333333,-12.379135802469136
f9bbdd976532d50b7816d285a22bd01e,2,2,268.0,134.0,5.0,-17.219780092592593
830379336fad8c6f3b15a4a3ddb5c66e,2,4,268.0,67.0,4.5,-13.780225694444445
c79151301b9d90985d1fa52879213105,3,7,267.1,38.15714285714286,4.857142857142857,-20.53097056878307
65a7c0788e4d632ccb5e1b594b87f0bb,3,9,266.7,29.633333333333333,4.111111111111111,-12.257033179012346
5236605f4d4b0b3e4df85b850393fca0,5,5,265.3,53.06,4.8,-5.193824074074074
483ca627d131e18f988349b1655c0acd,1,1,264.0,264.0,5.0,-4.96425925925926
5c853bb56f70f4d14218944bae111d7a,23,24,263.13,10.96375,4.041666666666667,-11.313662229938272
f8d5c7085db9a4ad2b8c1ffbeb2798c8,6,6,263.0,43.833333333333336,5.0,-15.47546875
53088c75f948b48a7ece173ac17f0c12,3,3,261.7,87.23333333333333,5.0,-12.971998456790123
252e76235acb79183cfca6e34f13337d,3,4,261.2,65.3,3.75,-15.860758101851852
6da1992f915d77be95d7fa48b36904af,7,9,261.0,29.0,3.6666666666666665,-23.43102494855967
aa762680c40618316a896838866140ea,3,3,261.0,87.0,3.3333333333333335,-8.556616512345679
21d59342ba150175ca2aa4f8faddeca6,2,2,259.9,129.95,4.5,-17.836394675925927
984c273121e743dd14767befe6cb17f5,1,1,259.6,259.6,1.0,3.694375
bdb3edbaee43a761e2d4f258dc08f348,5,5,259.5,51.9,3.8,-10.418601851851852
c9e5ad1f6647f5dbd1172adf6ae3cada,4,4,259.03,64.7575,4.75,-21.908993055555555
5e25c632f9db6cfb8bc100421c2737b6,1,1,259.0,259.0,5.0,-23.052233796296296
1e26c56af8d48424e1df0140a2401f83,2,2,258.9,129.45,5.0,-15.580636574074074
0af977692321d895349eded183341d28,2,2,257.75,128.875,4.5,-7.558622685185185
7d294cf9a6a69dc6a0c3e540fff0e039,5,5,257.25,51.45,4.4,-17.071902777777776
31eec405c9bb71dec8e2629a92e764fa,5,5,256.89,51.378,4.6,-13.675645833333334
15ead3a5037a918ddb520dfe39a3d2b9,6,7,254.5,36.357142857142854,4.857142857142857,-5.684267526455026
ebef8d8c92b4fd3226e5d407bbff21ac,3,3,253.7,84.56666666666666,2.6666666666666665,13.252079475308642
d5c530f4884a75ae0dba9c148718d278,5,8,252.93,31.61625,2.875,-13.397806712962963
88ef59b51bdaa941d10a853429f2b6ce,2,2,252.9,126.45,2.0,-17.084855324074073
446cc09cdbb130904da114e807dbec40,3,3,252.8,84.26666666666667,4.666666666666667,-24.026207561728395
7f35f9daf223da737b78738fbae4d977,5,5,252.0,50.4,4.0,-19.148115740740742
e88c9b79e592e370d6bd852eeefbf057,8,9,251.87,27.985555555555557,4.777777777777778,-16.99928883744856
ae45ad30c2d2e5913094769690a239d2,1,2,251.8,125.9,5.0,-14.24363425925926
e88f7a2995ba184710d339c5c4bf2e30,2,2,251.6,125.8,5.0,-12.174120370370371
85ecf03781da592876b7844acc1b729f,2,2,251.0,125.5,4.5,0.33377893518518514
46ef1a25845fc051c2998d878354810c,5,5,250.41,50.082,4.4,-3.9471319444444446
8ccf3cf69651cc1d8a02c8bfaf3b8568,2,2,250.0,125.0,3.5,-2.989241898148148
13d95f0f6f73943d4ceffad0fc2cd32c,1,1,249.99,249.99,3.0,2.855462962962963
1703bc09972dab9782e7a9194943b69f,1,1,249.9,249.9,5.0,-17.13019675925926
5d505d2298ad549e4e4e835562fa0c1e,2,2,249.8,124.9,5.0,-16.42679398148148
c0f783394e37cd9c9d7f5f81141450fa,6,6,249.4,41.56666666666667,3.6,-12.40205825617284
4b90495391ac0bd181a80a459df1e718,1,1,248.0,248.0,4.0,-38.18653935185185
42b6488f5b8246d9141712abd4b1b693,2,2,247.99,123.995,4.0,-12.268130787037038
32f1bb9dfa65bc7df5c0d9d95a616be4,4,5,246.49,49.298,3.4,-4.472756944444445
baa49d93c8c8841e27400a300f5d74b2,6,6,246.4,41.06666666666667,4.5,-9.198852237654322
184a67a8f9f63234d3a92340bbdb727f,7,10,246.29,24.629,3.9,-21.148857638888888
88ae906ea2acf6971f26c3e8b7cb4357,3,3,246.0,82.0,3.3333333333333335,-1.226057098765432
5721089ba9214e80074f27d5a03fc0eb,5,7,245.93,35.13285714285714,5.0,-12.3767791005291
5194c22ed1f616ec0c0f33c571542879,4,4,245.6,61.4,4.25,-10.505358796296296
14f2b3587172b9db894c9bad8dab520b,2,2,244.0,122.0,2.5,-11.889890046296296
5733d806668f8712c24b9abaefbfa642,2,2,243.8,121.9,5.0,-16.19455439814815
77714512e8d4dda9c234da8e3faf16e4,4,6,243.4,40.56666666666667,4.0,-7.928856095679013
c70a353f02429c00775a46a75fb787da,6,6,242.0,40.333333333333336,4.666666666666667,-10.585632716049382
9853a239ab7b7ebbdc3a21248d5b8e1f,4,4,242.0,60.5,3.75,-12.696834490740741
31be790e64fc99f8ff48ec2bd18a3104,6,6,241.4,40.233333333333334,4.333333333333333,-2.1689023919753088
0761743cbffb25d7148189e9f1a5f03a,3,7,241.2,34.457142857142856,4.285714285714286,-7.259859457671958
85044848b1b767db2a4a58526adef4b4,4,4,240.6,60.15,3.25,-11.271443865740741
5e9f5bd34e0830569f05c9d4f56e04a8,2,2,239.98,119.99,4.5,-9.68717013888889
70c4eedec9cb4a85cda2f3f9673557b4,1,1,239.9,239.9,5.0,-16.30439814814815
422be4cc81a457fdb46f47edeb968ae5,1,1,239.9,239.9,5.0,-20.182094907407407
70f7e8018e3d46c748c92f026aa2585a,1,2,239.8,119.9,5.0,-21.307037037037038
2d9e8987a2ea5cf88dce330249043ff1,2,2,239.8,119.9,4.5,-4.77328125
d7b2377bae6ace1b11fc69a11900ac36,3,3,239.7,79.9,3.6666666666666665,-1.7785223765432099
ec8463980a4e0ea9f8517aea1ed0c419,2,8,239.2,29.9,5.0,-0.016345486111111127
25debeafbce801fdd479539350185eee,5,6,237.85,39.641666666666666,2.6666666666666665,-8.166766975308642
d1a5cc844736958c11b8efab9a2b4c87,1,1,237.6,237.6,1.0,8.838784722222222
e83c76265fc54bf41eac728805e4da77,8,8,237.3,29.6625,3.625,10.755326967592593
2e0dba2da448400b1c11d7b4b22f32a4,7,13,235.87,18.143846153846155,3.769230769230769,-14.76280804843305
534a01cc6df1e034e05c32028a291fa2,5,5,235.59,47.118,4.4,-7.177587962962963
a663d9c3797e90eac99ff60939416a56,1,1,235.0,235.0,5.0,-6.075983796296296
94b9108d4b637ba65bb4f1e53cfcf8d8,7,8,234.96,29.37,4.5,-2.537171585648148
508808d438fe2ff972ed13bb8f4a82e2,9,10,234.84,23.484,4.6,-7.973193287037037
1e47defeeadeca0e9a18fa5a9311e735,3,3,234.12,78.04,5.0,-11.723958333333334
cb32766839f443db85c82a43c4a6c19e,2,2,234.0,117.0,3.0,-8.363871527777778
d9cb0052a666de5308b32f32ad5f1b1c,3,3,231.9,77.3,3.6666666666666665,-10.22221836419753
e64882b4ef12aee8d0faca4db5b681f4,1,2,230.0,115.0,4.0,-1.3461689814814815
72431a818f97fe6ab9c81eee3e297e54,1,1,229.9,229.9,5.0,-14.09119212962963
1746c1ae87ac63d530c7c943d0ac42e2,1,1,229.9,229.9,5.0,-3.058773148148148
740205fedfe4e90ca6857bc77db0f2b4,1,1,229.9,229.9,5.0,-30.385925925925925
9539213aa8e023c01937bef95dc006da,9,9,229.1,25.455555555555556,4.555555555555555,-3.486878858024691
615c3462099ffa940d37b17dfda19594,2,2,229.0,114.5,5.0,-15.117349537037038
75745ef7bc7d4f3ea3380f6f5303f514,3,3,228.4,76.13333333333334,5.0,-20.79
8dfbc5ff27df12f6cef751d3b9554222,4,4,226.0,56.5,4.5,-12.019528356481482
b05b432bf68945d4d9783f9e3ca29ee8,2,2,224.8,112.4,4.5,-15.769160879629629
8a8835a43bda99fd37310ad76c457510,2,3,224.34,74.78,4.333333333333333,-3.272079475308642
94ca168e8bcb407ab85c5da308863027,5,5,224.3,44.86,5.0,-7.668967592592592
6c6e3d67f969468f3bfd33f827a31222,5,6,224.0,37.333333333333336,4.833333333333333,-11.22832561728395
81ed90f07c0bacb7594940ba2ef676aa,2,2,223.9,111.95,4.5,-6.06578125
0e44d110fa6a54e121cb2c095a77762f,6,6,223.32,37.22,4.333333333333333,-6.673611111111111
08ad4ac1388e4420ca531c3edfc46198,6,7,221.62,31.66,2.7142857142857144,-11.3767791005291
f419677537694f0462a91990df6ca44f,6,6,220.5,36.75,4.0,-5.464660493827161
bec568278124768c474ee90971ca94d1,2,2,219.9,109.95,4.5,-12.18375
edf3fabebcc20f7463cc9c53da932ea8,1,1,219.9,219.9,4.0,4.96630787037037
20611af7866c6068fd5ae1f9dbe15c92,2,2,219.8,109.9,4.5,-12.851203703703703
f8e2c1b59cd4225a3e4fd0d013a76b93,2,3,219.8,73.26666666666667,5.0,-15.92187114197531
e0a3c37054ade6478d923a6efc10f308,2,2,219.8,109.9,5.0,-15.300538194444444
a5dd1946fb63ada8bcaa0c9cd8f11e22,6,7,219.62,31.374285714285715,3.857142857142857,-8.524770171957671
c3fe93ba3085f92855c97e57f38c8c05,6,6,219.0,36.5,5.0,-10.435185185185185
3442f8959a84dea7ee197c632cb2df15,3,3,218.7,72.9,3.0,-5.3063927469135805
751e274377499a8503fd6243ad9c56f6,1,2,218.0,109.0,5.0,-5.081585648148148
6548c2550b6e2d8f18053216e1c7b6f3,3,5,217.7,43.54,5.0,-6.882990740740741
d594982fd877af63ace38ea1fca27c76,7,7,217.04,31.005714285714287,4.428571428571429,-12.615914351851853
3d49bfdd1b43a7fe169b3740067acc61,3,3,215.0,71.66666666666667,4.666666666666667,-19.53968364197531
a4b8d97cd5d3674eeff96abc99d8ed67,1,1,214.08,214.08,1.0,-15.384918981481482
5f0057b677eb963672bf05dfa3f16c34,4,4,213.88,53.47,5.0,-34.66347511574074
33ab10be054370c254ddfcf0a6253422,4,4,213.2,53.3,5.0,-8.35511863425926
4ea2f12dbe91deeacd2c1e74f069a6e6,4,6,210.2,35.03333333333333,4.833333333333333,-10.475273919753086
28405831a29823802aa22c084cfd0649,6,6,210.0,35.0,4.5,-5.261581790123457
a9415cf907dfa12f9ed18693244f5329,1,2,210.0,105.0,5.0,-14.175162037037037
661ad5fcc28cdfb8bcadb12bb2272475,4,7,209.93,29.99,5.0,-14.471402116402116
269c5fc9fcadee614364c3620c30a1f9,3,6,209.6,34.93333333333333,5.0,-1.9217476851851851
3fadb4cba4c35bce6a7eaf9872d5623a,3,5,209.5,41.9,3.2,-21.493659722222223
929f342384a6607afe143d789ade1316,4,4,209.4,52.35,5.0,-14.457349537037038
3fefda3299e6dfaea3466ef346a3571a,1,1,209.0,209.0,4.0,-17.258391203703702
10cdd491d1dbea8fb4ead97b19c334ce,3,3,208.9,69.63333333333334,5.0,-17.32085262345679
1de62b6f2fd96227629786db492433db,2,2,208.8,104.4,5.0,-14.601319444444444
353e21e8bf8de2722b4fae1636664b76,4,4,208.0,52.0,2.5,-16.59624421296296
5a9c0859cb00fd8aa4db443837f0a700,2,2,208.0,104.0,4.5,-13.719241898148148
90b57083da5d803237da74daec6dcb2b,2,2,206.9,103.45,5.0,-18.222980324074076
762fafdaa57a532ee0119731697579dd,5,5,206.7,41.34,5.0,-12.634708333333334
e5d4b2b0c3bca22085f7a19a28de0c42,4,4,205.8,51.45,4.5,-10.822922453703704
dd8a29ce82d5c705ba932d81494600a5,2,2,205.75,102.875,3.5,-9.285034722222223
643c01d7c56a724bec0454f4780e8a3e,2,2,205.55,102.775,4.5,-18.721024305555556
efb628aa07c8ca93d7db0d85b91a4f5a,1,1,204.0,204.0,4.0,1.9546759259259259
e819bcfade7b5d88a27325eb6cfd62c5,5,11,202.9,18.445454545454545,3.5454545454545454,-6.434808501683501
f26d70155c2b6326fcfa1780c8c684e4,1,1,202.89,202.89,5.0,-12.396875
bcc9dd23e2a8bd8267cf92b19304a1b9,3,3,202.79,67.59666666666666,2.3333333333333335,0.7026234567901234
19484c79cef6c062cb177aa4ef2fcc3c,1,1,201.9,201.9,1.0,3.5027662037037035
28c7d8743fbc8679f484868cc0fcaefb,3,3,201.5,67.16666666666667,5.0,-10.486496913580247
72146da5774cabf2632faedcae097a76,4,6,200.94,33.49,4.333333333333333,-3.7442997685185184
3f84fefc07dc159b268d4a77d3e8c425,3,3,200.6,66.86666666666666,5.0,-19.979047067901234
5db42a6cd9bf1bf0d3aab9582767f168,1,1,200.0,200.0,5.0,-5.286215277777778
dda37071807e404c5bb2a1590c66326f,1,1,199.99,199.99,5.0,-3.0579050925925926
3289d8c3eef4873f91ce0b1343c0dd58,1,1,199.99,199.99,5.0,-19.39128472222222
dbc51f5e45d654ecc16cb68e6817ecea,1,1,199.99,199.99,4.0,-6.320844907407407
3fe7120d6257285ac6a3ce7cb071ccec,2,2,199.98,99.99,3.5,-15.436371527777778
e59e575a175fadcadf8479e191770425,1,1,199.9,199.9,5.0,-19.15388888888889
651530bf5c607240ccdd89a30c9c9712,1,1,199.9,199.9,4.0,-14.477939814814814
2a50b7ee5aebecc6fd0ff9784a4747d6,1,2,199.8,99.9,1.0,17.64377314814815
2cb4700db635baa1c0d4f90ed27b6669,2,2,199.8,99.9,2.0,-28.490868055555556
4f0d637c1197fd65405ebd755ac9f86b,2,2,199.8,99.9,5.0,-16.264751157407407
800214c63934acd05d47e84214db8ba8,3,3,199.7,66.56666666666666,5.0,-14.285478395061729
ec5c1d94df153d473b37f880977ae58e,2,3,199.67,66.55666666666667,1.6666666666666667,-21.063236882716048
8060d731897e33b5c5ae575ce1e209e1,5,5,199.5,39.9,4.8,-16.25399537037037
4ce8b55b4bfa4659184e7becc1fba3f2,2,2,199.0,99.5,3.0,-11.394091435185185
e1bed63d68ac36fe1f3061befe196af5,1,1,199.0,199.0,5.0,-25.622372685185184
e9874ae10b2d60d43917b6bbfa13a599,1,1,199.0,199.0,5.0,-19.46130787037037
52f6f9f13ba19504c02781132a049e75,1,1,199.0,199.0,2.0,-13.329131944444445
4450bd8327d471c4a11a83d1445b1b62,1,1,199.0,199.0,5.0,-20.42099537037037
3d290fe363c60a77498c1126fd3fb8d3,3,3,198.98,66.32666666666667,4.333333333333333,-12.145605709876543
e503f22be6a4f456d9851920a5d9c670,2,2,198.9,99.45,4.0,-11.753472222222221
ad8b531ae67582f096925cff5630d0d1,2,2,198.45,99.225,4.0,-10.6565625
d8dd176509baa37f359644d082bf7f7b,2,2,198.0,99.0,1.5,10.871394675925925
586a871d4f1221763fddb6ceefdeb95e,1,2,198.0,99.0,1.0,22.59372685185185
6f835fd4be26989b1b064399da346143,2,2,197.8,98.9,5.0,-20.39219328703704
9da15f4a4ea758d9eeb49000dbe57e22,1,1,196.9,196.9,2.0,6.047164351851852
fe8055980a4ff7f64ed889c2b5926929,3,3,196.7,65.56666666666666,4.666666666666667,-14.510189043209877
809413606dbfe5deefd2db646693ef67,3,5,196.68,39.336,4.2,-7.334104166666667
8def3db7f272735afb2ecd03aeca09a7,2,2,196.0,98.0,5.0,-8.761493055555556
0f7eea709efdf942b5f95c7516dbacd7,3,3,195.74,65.24666666666667,4.0,-19.538587962962964
f356c348fbc8df6a882823e21f5ce8b7,2,2,195.18,97.59,2.5,-23.215283564814815
9c54608f0996c32ae4743089d915f845,3,3,194.8,64.93333333333334,4.0,-20.011917438271606
b5f49fe968dff6b112861e6cd8e192ef,1,2,194.7,97.35,5.0,-13.239733796296296
7d948535954aaf8c5d39db007f74372e,4,4,194.0,48.5,3.75,-8.551400462962963
f626e15b7314c267e4429010866f70e9,5,7,193.55,27.65,4.142857142857143,-15.801714616402116
05e107217c7266362fd44b75b2cd4cc4,5,8,193.38,24.1725,4.125,-4.1959042245370375
747c1cdcd1737dcfbd1547f6eb6f2cf3,2,2,193.1,96.55,2.5,-14.245896990740741
4d9fea3499bdc22aa4da4e339365f215,2,2,192.54,96.27,5.0,-19.14537615740741
78ba5933c21686d1c2f64669c8c459e7,2,2,191.8,95.9,4.25,-13.456145833333334
f307937c1bb287c3efc2a514b94b0d1d,1,1,189.99,189.99,5.0,-19.432002314814813
778323240ce2830d68aab11794e00bfb,3,3,189.98,63.32666666666667,4.333333333333333,-6.658059413580247
43a1d4bab73b816e44ef4e4facd9f9b5,1,1,189.9,189.9,4.0,-20.49628472222222
7cf4ea70955b00d6b3c22542598e2715,1,1,189.9,189.9,5.0,-10.31349537037037
119c7f1a00ef43fad0e57604e76a747c,2,2,189.8,94.9,4.5,-6.046383101851852
213fafb0ca06fb3d5886579c2565791b,3,3,189.7,63.233333333333334,2.3333333333333335,-5.483043981481481
e0482f2c769468c3bbcd8a01e09d98c5,1,1,189.0,189.0,4.0,-13.230081018518518
299c89a525fee36c567f4fe72f038100,1,1,189.0,189.0,3.0,-4.946851851851852
b00af24704019bd2e1b335e70ad11f7c,1,1,189.0,189.0,5.0,-19.431296296296296
686886775c8f6b1191c7b953fb52708c,1,1,189.0,189.0,5.0,-13.212037037037037
c360e4787614ed31ac7a2f95d3b22dc6,1,1,188.9,188.9,2.0,-16.941087962962964
c0aff2da32c17759d30b22fb0af6649d,4,5,188.8,37.76,3.8,-17.201631944444443
4c1c7281388a33dd06daac44f9fadbd1,5,5,188.32,37.664,4.8,-15.764891203703703
a3b0df0065e264a91b7bbf5f844af5cd,2,2,186.69,93.345,5.0,-5.690358796296296
3a79f35a2344ede41af21267f61d5ec6,1,1,186.0,186.0,1.0,-7.156099537037037
eec3469d83e142f9a104886655338c37,4,4,185.7,46.425,4.5,-17.211576967592592
9e7c5f4d7770eab65738cca38f9efccf,2,2,184.8,92.4,3.5,-13.264866898148147
2075d8cd4dd63ff12df0749a5866bb06,3,3,184.7,61.56666666666667,5.0,-6.508051697530864
7d484ca289afaac6bf5fc6a1e96d2226,2,2,183.2,91.6,4.0,-1.6479050925925927
c990d6cf976a5718aaedc539f383ab88,8,9,183.1,20.344444444444445,3.4444444444444446,0.8445846193415638
23ca5f678e0b3ea6c630b30fa8bf51ea,6,7,183.0,26.142857142857142,5.0,-17.765955687830687
1c56ffe0e9dea2657fc6e95b53f40b13,3,3,183.0,61.0,4.333333333333333,-8.654961419753086
3dfd3dc96f7f8598eca74e9ac8a2fa31,6,6,183.0,30.5,4.0,-9.630144675925926
478bfe564db21eeb44386606aa30b650,3,3,182.7,60.9,4.666666666666667,-12.81309413580247
5659d77e8d90378e39b960ad5956f64e,2,2,182.48,91.24,2.5,-4.285266203703704
31e60bf8d103ce47932a85f5562deb16,1,1,181.0,181.0,5.0,-19.86684027777778
8ca5b19e0263150d2c57afdde2b3d011,3,4,180.6,45.15,4.75,-10.675928819444444
88cd3681e0a2ba85e190f7d817629c4c,1,1,180.0,180.0,4.0,-8.10275462962963
964ff64dc05b13811c6d0f41e0aa5f6b,1,1,180.0,180.0,5.0,-13.372361111111111
7ad41305e96a6cab8294cd65891e9a86,2,2,180.0,90.0,5.0,-14.389837962962963
9c57bc60cfad5ee62d35d3f1ce4593a1,1,1,180.0,180.0,1.0,14.595949074074074
9dd459b29a14bf89d47183cf2cd0e4c7,2,2,180.0,90.0,5.0,-5.230966435185185
94165aea8a35c3c21499cbcae239b16c,1,1,180.0,180.0,2.0,-12.091087962962963
7f5e4d5efad7e44b91115dd1decb65f3,3,9,179.9,19.988888888888887,5.0,-8.052304526748971
05ca864204d09595ae591b93ea9cf93d,1,1,179.9,179.9,5.0,0.5562615740740741
50bf89f1349bc0409a268c3a49678009,1,1,179.9,179.9,5.0,-25.375648148148148
3606774ec64634822d78dc2db6d37045,1,1,179.9,179.9,5.0,-34.197997685185186
762ed976527cddf02787edba70fffa2a,3,4,179.8,44.95,2.25,-21.122876157407408
2235cf78d3e2073a88146a9cb60f0dd0,1,1,178.99,178.99,5.0,-10.984675925925925
880ce4951cf857ab1d9e0b75c1d856f4,1,1,178.9,178.9,5.0,-18.074270833333333
f3975e8a41157005d4bcbb358678cd9b,2,2,178.8,89.4,5.0,-4.703454861111111
6f1a1263039c76e68f40a8e536b1da6a,2,5,178.69,35.738,2.6,7.200962962962963
57fe6232e67823593374a2281d7a8af8,8,8,178.68,22.335,4.75,-9.882194733796297
1352e06ae67b410cdae0b2a22361167b,2,2,178.0,89.0,3.0,3.0939814814814817
19e0f40a907ec568c34bfac15de4f4a1,4,4,178.0,44.5,5.0,-12.439722222222223
ab9db4cf53b08b828b64dccaafc2d9f0,4,4,177.78,44.445,5.0,-18.85212673611111
2d2322d842118867781fc737e96d59a1,8,10,176.4,17.64,4.9,-5.64734375
a0a14e50070f3225b3eabba5b85da517,4,4,176.2,44.05,4.5,-11.88470775462963
c353f8fc0ce8344999f17d578eb69a5e,2,2,175.98,87.99,5.0,-33.07417824074074
cbbd5ae8f53de5f5097cd8217b529e24,1,1,175.9,175.9,4.0,-17.330127314814813
485452467ff670447e84a8370c3fc898,3,3,175.7,58.56666666666667,4.666666666666667,-14.378510802469135
b906dd0e57f282c7089171b6ed07982e,2,2,175.0,87.5,4.0,-18.61548611111111
4dc2e811a1760953cb7c6a590b498943,1,1,175.0,175.0,5.0,-8.389097222222222
f92d8c817434bd2d84d4e9c61322b7fa,5,5,174.84,34.968,4.6,-8.433150462962963
23ff42c4bf1f8f16cddb19d8b972974a,2,3,174.7,58.233333333333334,4.333333333333333,-15.572175925925926
dd9661d3cda1e6feb237f0c4d8b26f2e,1,1,174.0,174.0,5.0,-10.413263888888888
0692610d8abe24f287e9fae90ea0bbee,4,4,173.99,43.4975,4.0,-5.438012152777778
99a25c39b28a74d1151c35c18d178292,1,6,173.94,28.99,5.0,-9.203020833333333
aae5953b9edddf14749c0d65d60eb4b9,2,2,173.0,86.5,5.0,-11.700075231481481
ccada0ef508e698917a6eab263375905,3,3,172.8,57.6,3.6666666666666665,-22.088418209876544
50770d25768b0486d89be26afca3108f,6,6,171.77,28.628333333333334,4.0,-6.081778549382716
e1643dff33666ca629e3644c02738179,3,3,170.0,56.666666666666664,4.333333333333333,-11.630702160493827
3ea08c48e851106d2f584349daba335f,1,1,170.0,170.0,4.0,-15.091331018518519
55c96925041a14097b6a7825554f4ad5,5,6,170.0,28.333333333333332,4.666666666666667,-8.614782021604938
5ca5d579b5857ee8709479b1047cecc3,1,1,169.99,169.99,1.0,5.7306944444444445
7fe21dd00d2f4943ae09525efa2fd674,2,2,169.8,84.9,5.0,-11.382019675925926
695051e2981c8b19e77cafe450d5bdf3,1,1,169.76,169.76,5.0,-7.295914351851852
b01c2b7b8599b325103ebcddc67413e1,4,4,169.45,42.3625,4.75,-9.419817708333333
d9c349beabc06aa6ff1c6d68b5e9e22e,1,1,168.1,168.1,5.0,-10.271631944444444
c7c7b2682c648339a0e9846bb1023a39,2,3,168.0,56.0,4.666666666666667,-9.965073302469136
51a04a8a6bdcb23deccc82b0b80742cf,1,1,167.99,167.99,1.0,7.817743055555556
7178e1eaa97257d8b6d4b80efd77a025,1,1,167.9,167.9,5.0,-9.19732638888889
89d9a386b0b6e5fc8403071b03f7206a,2,5,167.0,33.4,3.4,-16.915393518518517
1d1bbb8ac1581824986f582583fff01d,4,4,166.88,41.72,3.5,-4.972531828703704
1e483cc5c76fef08d3ca05f9a8af7d01,9,10,166.09,16.609,4.4,-10.388074074074074
1cbdc7cf130a41fd13a3c2a7d2fcfda7,2,2,165.8,82.9,5.0,-12.850619212962963
2ea0861cc19e94cad86438c984c52da4,6,6,165.6,27.6,3.3333333333333335,-7.194413580246914
76d336555bb25f3165d2f0d6da719c40,1,1,165.0,165.0,3.0,-29.677118055555557
33d677f27a69b84051204ee4ae76eaca,9,10,165.0,16.5,4.6,-19.197113425925927
bd4ff04377f974574f7f0bf9d6ce7dde,4,4,164.96,41.24,3.5,-23.033741319444445
e45edf75f568ed2f93f78d060e246e25,6,7,164.3,23.47142857142857,4.142857142857143,-8.253103505291005
f19516b9ff26bfeb091b30108db4ddbd,3,3,162.7,54.233333333333334,3.6666666666666665,-17.51417438271605
98e164d549402270247f3c96a1a158ef,2,2,162.7,81.35,2.5,-10.223449074074074
fa5fdc4e4bb6bd1009ad0e4ac4096562,1,1,161.99,161.99,5.0,-57.4155787037037
bff9deb0ec77d437f3305a79cf25529e,5,5,161.95,32.39,4.0,-12.388851851851852
d9d43faf741ceaa8da52fdbb81d9e0e3,4,6,161.0,26.833333333333332,3.6666666666666665,-15.188873456790123
d3e7d37c0df9aef383f3f2a15b0dddfb,1,1,161.0,161.0,5.0,-23.429305555555555
3442033154be05bac582e173ef54fd12,1,1,161.0,161.0,5.0,-2.1800925925925925
fc6295add6f51a0936407ead70c1001d,1,4,160.0,40.0,1.0,-8.3940625
533d46c1b06970e99f09523a61df4972,2,2,159.98,79.99,4.5,-9.600376157407407
aa2640d851ec322526f1295bbeb20092,1,2,159.98,79.99,3.0,-4.150949074074074
913fd0ebba70bb919f7254a02239173c,1,1,159.9,159.9,1.0,-7.306354166666667
fc0b214b59a83615fea981c6424a02ae,1,1,159.9,159.9,5.0,-5.188159722222222
2039c5e51785b5dde7cf93ccb3b7be2c,1,1,159.9,159.9,5.0,-7.188472222222222
99cd94252748d2bdde08e17858233602,2,2,159.8,79.9,4.5,-16.881493055555556
4bde6149c15cf7e177b36fa060dd6de8,2,2,159.8,79.9,5.0,-46.8990625
2ec6e37d992a95eaddb3369dcbcc76d9,2,2,159.8,79.9,1.5,-18.227546296296296
6902157ee16728322d61a1321fa79e58,2,2,159.8,79.9,3.0,-19.162777777777777
b7e1750c1157341d2abd0251e07c186b,3,4,159.6,39.9,4.5,-18.630813078703703
0ade5cc4a305ed7093a23f68ca47519c,2,2,158.88,79.44,5.0,-20.133894675925927
954e95f20808d7e5d11f0de292d078e0,3,4,158.78,39.695,4.75,-13.696814236111111
c04d70d515d15a7e3db3a73320598566,3,4,158.2,39.55,5.0,-21.87042824074074
98dddbc4601dd4443ca174359b237166,2,2,158.0,79.0,5.0,-9.695104166666667
f1ce5fdecd64935c28b9ff932751d0dc,2,2,158.0,79.0,4.5,-7.44863425925926
ce3ad9de960102d0677a81f5d0bb7b2d,1,1,158.0,158.0,5.0,-12.443703703703704
dde698c6d0bd24834c586e5111c2bba7,1,1,155.9,155.9,5.0,-14.21337962962963
d2df77822373f19934e87694d8640767,2,2,155.9,77.95,3.0,-15.714658564814815
b9de031b671cd48b28fae9d828cbf2b4,1,1,155.32,155.32,5.0,-12.189074074074075
3c88ed2e76a2247933a15daa7161eb1c,1,1,155.0,155.0,5.0,-8.185439814814815
4dab98ca6cd6d3df586203cefd28a042,1,1,154.9,154.9,5.0,-0.4294791666666667
f664f98bfda2eaf266a23ff144e7a872,2,2,153.99,76.995,3.0,-9.142251157407408
90b36c5aeb728d5504a39f435bef0c5f,4,4,153.89,38.4725,5.0,-9.347271412037037
0b09101900100c0e9d312861fad5a1b9,1,1,153.75,153.75,4.0,-60.837662037037035
6601ee6383e7f452be71929f8de48bbb,2,2,153.6,76.8,4.0,-17.15710648148148
d26aa40b90272d4843d63be7c1462c8d,2,2,152.9,76.45,4.5,-11.222679398148149
78813699ffac347fe27dba345a5f1551,1,1,152.42,152.42,5.0,-28.074814814814815
4ddeb3e828550cddc8d45c8bc36ab2d1,1,1,152.0,152.0,5.0,-10.616608796296296
56f413900b5166ab4d730e9ac0b12cb0,3,3,151.79,50.596666666666664,4.666666666666667,-7.624656635802469
bd0a1b0aadca9a83d9304f7e8ff5fbd5,4,4,150.6,37.65,4.5,-6.449945023148148
3dc69bf2c42f0568a5c4791ec3fd3745,1,1,150.0,150.0,3.0,-0.1438773148148148
2d34636518ba88f5349b732fcf8ba2e4,1,1,150.0,150.0,5.0,-27.316331018518518
c398bc00a606d33758afd91f4e64fd15,2,2,150.0,75.0,4.5,-27.53103587962963
578fa3a9cb6b6dceab39231ad59cdaca,3,3,150.0,50.0,3.6666666666666665,1.7614274691358025
4867209cb29b56b92893d7bde3ce8012,1,1,150.0,150.0,4.0,-16.101076388888888
1e47d8b6546eb3a77b1acddcc9406242,1,1,149.9,149.9,1.0,-10.131041666666667
49f8d2ea7b718d0ce587d34207caf2b4,1,1,149.9,149.9,5.0,-0.3030787037037037
f266295f49a28eee21f413e0cbb0521d,2,2,149.8,74.9,4.5,-8.215231481481482
6ba4733aa33f6386e9fb0c0fd3993b38,3,3,149.79,49.93,4.666666666666667,-10.58664351851852
63272377184e969942f7fff221be858d,2,2,149.7,74.85,5.0,-7.991232638888889
3d700782d7818f2c1e0d7a9e9d75fc00,3,3,149.7,49.9,3.6666666666666665,-1.9201427469135801
e00d85ce20ea50c1224c66ca5050527d,1,1,149.0,149.0,4.0,-10.475127314814815
d8b8f2cf9ff6ba0389072541cb42498c,1,1,149.0,149.0,5.0,-16.38957175925926
f35becee938e982bd615edf8ef12bcfb,6,6,148.59,24.765,4.0,-13.195102237654321
8fbe2ee446b97e128471be4ce983dc0d,3,3,148.5,49.5,3.0,-3.8550925925925927
ca7c6bd577e559472af1c699de9e764e,6,8,148.0,18.5,4.0,-8.027485532407407
7d7866a99a8656a42c7ff6352a433410,5,5,147.89,29.578,4.4,-7.450388888888889
2a7c6c0b0d5efde2bf75ec1e1cec2d41,3,3,147.6,49.2,3.3333333333333335,-14.454845679012346
6ee85be3693ed79a8e80718743d80655,5,5,147.5,29.5,3.2,-4.65125462962963
9523fb39dd240aa958e040f8183d64f3,1,1,146.99,146.99,1.0,-16.200266203703702
0b3f27369a4d8df98f7eb91077e438ac,2,2,146.51,73.255,4.0,-9.130734953703703
4bcec44888b30ba9001234c534716d3f,5,5,146.0,29.2,4.6,-8.702636574074074
398cb257329ef7af7f1943a8974a3cbc,1,1,145.9,145.9,5.0,-17.503993055555554
8e34331b7eedd03be4e5d965c1956225,5,5,145.0,29.0,4.8,-7.075113425925926
f3041c2e75ec683697a6a5ea82192210,1,1,145.0,145.0,5.0,-20.60789351851852
553a440137d6e0cf776aee0bb83ac9f5,2,2,144.8,72.4,1.0,-5.876875
0daf5180aa44356f60f8effa533b55a2,2,2,144.8,72.4,5.0,-4.919953703703704
4a82c4af97ffc0fb2dc26bfdc03b1842,3,3,143.7,47.9,5.0,-14.273526234567901
c8143b3069f6746a77421b5ce30a450c,1,1,142.47,142.47,5.0,-6.046296296296297
2f9b7ce230a057a98a9f5df5893ee36c,2,2,141.82,70.91,4.5,-5.979641203703704
d3891911c2feae53c52fea2bd14054e5,2,2,141.0,70.5,5.0,-14.743842592592593
0e72c1a751b496722a6cb1f10653b62a,3,3,140.8,46.93333333333333,4.666666666666667,-11.699143518518518
50a7e551a7b3f8d37cd6e32d8bfbe5ea,1,1,140.0,140.0,5.0,-3.4861458333333335
52a50b42accf164f9f019941e5759d9b,4,4,139.96,34.99,4.75,-2.6741493055555554
19d62d484cba71963c93f0f00ab42013,1,1,139.9,139.9,4.0,-7.35230324074074
fa8d335d68129e464e60c1826a683e96,1,1,139.9,139.9,4.0,-10.41324074074074
d8bf0fc082fd4a77fc2e5679b6c00133,1,1,139.9,139.9,5.0,-4.288645833333334
e8ff5a6ceb895583033fc2a0f314e3c2,1,1,139.89,139.89,5.0,-12.216157407407408
1b0b0f4f95e962d6f32fe90c759d0479,2,2,139.8,69.9,5.0,-8.999241898148147
59bbc819b99a733f02f0d6b49d1c253d,2,2,139.8,69.9,5.0,-11.633489583333333
a154d7316f158bb42e6fa18bbe3afd3a,2,2,139.8,69.9,3.0,17.23984375
6a53b90c3ad9e0b56d9fe5c69165fff5,2,4,139.78,34.945,3.5,-6.208570601851852
657969cca82e884d272385ec0ef06edd,3,3,139.7,46.56666666666667,4.666666666666667,-23.59746527777778
63b9ae557efed31d1f7687917d248a8d,5,7,139.5,19.928571428571427,4.428571428571429,-18.296684854497354
26e2e5033827d2ba53929f43e03d8ffe,1,1,139.49,139.49,5.0,-13.195520833333333
4a5b36211b1f51bf7eaa5c10a57fa483,1,1,139.19,139.19,5.0,-7.075347222222222
c747d5b92c7648417faea95d36d763e8,1,1,139.0,139.0,5.0,-14.101319444444444
57a834594e1e9e9219603bfec184eadc,1,1,139.0,139.0,5.0,-36.291979166666664
5a9b3bcab695173c820e53934574ae80,1,1,139.0,139.0,5.0,-25.16380787037037
f114dca2828bf718548db175ebe2cfcd,1,1,139.0,139.0,1.0,-21.470324074074075
712efd3b68f9686dc856b84abd0f21ae,1,1,139.0,139.0,4.0,-1.2342824074074075
f049a72cf58fd31b11f8919cade515e7,3,4,138.75,34.6875,3.5,-13.624872685185185
717b78b0950b51ed00b1471d858b0edc,5,5,138.6,27.72,4.0,-2.4309652777777777
96f7c797de9ca20efbe14545bed63eec,1,3,138.6,46.2,1.0,-13.146180555555556
044668ccd5316b12a7cf0d54a156e3e9,3,4,137.8,34.45,5.0,-24.071614583333332
0b64bcdb0784abc139af04077d49a20e,4,4,137.6,34.4,4.75,-17.217757523148148
ea846a0e7ad98a741783e886d89dfa44,2,3,137.0,45.666666666666664,5.0,-7.169633487654321
b7ba853e9551f4558440881fd3e5c815,1,1,136.9,136.9,1.0,-25.36488425925926
db6a4d4b5f1f5f98820ce6ce2619e2de,1,1,135.99,135.99,5.0,-18.184965277777778
377bc18334c78dd2f1535ef22a3ad225,1,1,135.98,135.98,5.0,-12.23837962962963
dd39ad39b5d3df33037e141c72497ba6,2,2,135.8,67.9,5.0,-18.145271990740742
e3e290b38963293022cdcd6db8328103,3,3,135.7,45.233333333333334,3.3333333333333335,-10.531701388888889
59de1d4c8c057c2a53acd4ca66531af2,1,1,135.0,135.0,5.0,-4.98755787037037
7c4adcc13272c0e26fa23aac642adb7b,2,2,135.0,67.5,3.0,-6.000538194444444
83c8aafbefb034674a70de0eac5b8954,2,2,134.9,67.45,5.0,-15.757881944444444
92c8bc6e8f925792247656fed09aad65,2,2,134.8,67.4,3.0,-2.8420775462962964
5def4c3732941a971cba8fdee992ede1,5,6,134.8,22.466666666666665,4.5,-5.163497299382716
c5e60e39c0f42b8e827daa13cff74afa,6,8,134.0,16.75,4.125,-6.009978298611111
8e4f041ff58e7845456d3482524014b3,2,2,133.8,66.9,3.0,-7.676157407407407
062c325cd6a2b87845fab56b4ec2eeae,2,2,133.22,66.61,5.0,-8.809195601851853
c87abc38c8ed3240861729e1aeadf221,1,1,133.0,133.0,1.0,-30.143935185185185
7adbd3210a7b3cc2235e225eef33574d,3,3,131.9,43.96666666666667,4.666666666666667,-15.405895061728396
fedf2c1386e137f296b3bbf3b635e69d,2,5,131.74,26.348,3.2,-18.85936111111111
a218df5c097b0ca409cfaac1488cc7f6,4,4,130.69,32.6725,2.75,-17.56714988425926
939f6e231201f26803cb5c3a3d2940b3,3,4,130.6,32.65,4.75,-47.37595196759259
2f3d8b4c9e2ee165075331fea3f3095a,1,1,130.0,130.0,5.0,-14.212523148148149
9fe7c6641c79970ab48185498f547c09,1,1,130.0,130.0,5.0,-16.206145833333334
dc120d932ddf9d4dfb6fd68beefda622,1,1,130.0,130.0,1.0,-5.982326388888889
e5def42655b7490edac5a56fe8e9e603,1,1,129.9,129.9,5.0,-13.251030092592593
0f80a40c312b2472dca482cf50f5186f,1,1,129.9,129.9,3.0,-16.20837962962963
b6f52e346160519c24a23af05410ad32,1,1,129.9,129.9,4.0,-2.047511574074074
44ed138eca6214d572ce1d813fb0049b,2,3,129.79,43.263333333333335,4.666666666666667,-6.595883487654321
45c20d94d9171b0bcfab3c955e47d67b,4,4,129.46,32.365,4.5,-9.72808738425926
e4fc40017a6d22c46a14ac2e17f87c3e,1,1,129.0,129.0,5.0,-12.044537037037037
ef728fa1f17436c91ed1ccd03dcf9631,3,4,128.7,32.175,4.0,-9.249707754629629
538caafddff204241cecbf3a02e6b3cf,8,8,128.4,16.05,2.75,-0.2833347800925926
5bc237df65098fe211bb4818f4d26d78,2,2,126.8,63.4,4.5,-31.837274305555557
7c9130f5f3729edd32aa059141d92484,3,4,126.0,31.5,3.75,-15.493469328703704
934ed5cd1b9c1c7382d0a94a94b9e639,1,1,125.85,125.85,5.0,-31.320069444444446
788f22bafdd7ab0e1e79f19db72f16a4,2,2,125.8,62.9,4.5,-5.17072337962963
570d4583587a5fe2d47c7be89b91ad27,2,2,125.25,62.625,5.0,-9.860833333333334
57df9869a600bd6b7c405f2a862eccfb,5,5,125.0,25.0,4.4,-18.71814351851852
c092292535a57dacd95a8765f5518f87,1,1,125.0,125.0,5.0,-16.229976851851852
ff82e8873fba613f2261a9acc896fd84,4,4,124.6,31.15,3.5,-14.453819444444445
693660429f9dc4ff704eb3d88dad54d7,2,2,124.0,62.0,4.0,-16.202916666666667
08061dc0fc165ed41288cc7acde738ee,4,4,123.8,30.95,4.5,-0.469921875
902c99f1ac505c0d18778b61bcd636f7,3,3,123.47,41.156666666666666,5.0,-2.76576774691358
8d92f3ea807b89465643c219455e7369,3,8,121.2,15.15,1.0,10.82740306712963
89757206b887aed36f3e18d858460fea,2,2,120.5,60.25,5.0,-13.695758101851851
876182d1918783bbe15233febfbd4926,3,3,120.27,40.09,4.0,-11.5829012345679
bba8d0c234a52b87b3957037a215d1a4,1,1,120.0,120.0,5.0,-9.351944444444445
698f5fa55a5f73d0740e9d9a773e8093,4,6,120.0,20.0,4.833333333333333,-13.975744598765433
1927cdb9fa74f5270097f6250e8e8f34,1,1,120.0,120.0,5.0,-8.212916666666667
7994081388d55b9cf976c050653dd359,1,1,120.0,120.0,5.0,-19.426006944444445
a353b1083c9863d756d9404695016d64,1,1,120.0,120.0,5.0,-7.30224537037037
003554e2dce176b5555353e4f3555ac8,1,1,120.0,120.0,5.0,-26.06679398148148
bdf0d02d36a1d839d0c39c4a887cdd49,5,7,120.0,17.142857142857142,5.0,-22.83661044973545
35281d148dcf7134bae913c57db4e6da,1,1,119.99,119.99,5.0,-21.906516203703703
3903c788ded8dc03b5ebab37a2f3e9a1,5,5,119.98,23.996,4.0,-4.870601851851852
07a9bc7f61396b658ddf3ac534efe44c,1,1,119.9,119.9,3.5,-4.515717592592592
a150c540f572d0fb53992264bc5c10b5,1,1,119.9,119.9,4.0,-19.211724537037036
d1aa1ec0839dcab73a6161130eb1f94a,1,1,119.9,119.9,4.0,2.453275462962963
674207551483fec113276b67b0d871ff,1,1,119.9,119.9,5.0,-10.438356481481481
7c4402417d51474d4d0cda9557340e40,1,1,119.9,119.9,5.0,-27.189189814814814
e9b6c33b71b67737693b4cfa68341c8d,1,1,119.9,119.9,4.0,-0.3891203703703704
be1e9e378700cecaa4ebf71433d7915c,2,2,119.89,59.945,3.0,24.26342013888889
bf0045791395e66460eb04749c68672a,2,2,119.8,59.9,4.0,-21.026707175925925
8eb88b0acb3f90a717ad659221471fa7,2,2,119.8,59.9,4.5,-17.167216435185185
910a922b426b7ff95eaee129ad6c0e1f,2,2,119.8,59.9,5.0,-5.6663194444444445
26e13b6ff5b641b329e5524241ee2c93,4,4,119.7,29.925,4.0,-9.701082175925926
a9b533a26e898b12e8b8d4c07279bf4d,4,4,119.6,29.9,5.0,-9.66724537037037
22c32ec35d0116ef02c281798a25bf8b,4,6,119.58,19.93,3.5,-16.994400077160495
36f98ad67cc981f50ce8aed093d5783c,2,2,119.4,59.7,4.0,-13.167019675925927
fc38b5dceee1a730fad8853453437fbd,5,5,119.2,23.84,4.6,-13.45437962962963
fc908879b9ca1bd65419e54e50432d38,4,4,119.2,29.8,5.0,-10.445885416666666
e82de6494d91d3c4c54450f59b227a94,3,3,118.9,39.63333333333333,5.0,-1.838792438271605
fd312b6bf05efac6c3772d5b52205d8a,2,4,118.7,29.675,5.0,-11.917482638888888
e9c2dc0dd4ac38448289be644ac94f42,3,3,118.39,39.46333333333333,5.0,-10.703738425925925
4c60877808f4318ef1107fbeb8f89afa,2,2,118.0,59.0,4.0,-8.613697916666666
aa1eb17b9fdf6dfd546e25c45c7b9235,3,4,117.99,29.4975,4.5,-8.428666087962963
fc5a0d7a310a7a41abf86a458585ff2b,1,1,117.9,117.9,4.0,-18.379814814814814
b416191c9813d821a295cfabafff4161,2,2,117.8,58.9,2.5,-7.61478587962963
40ec8ab6cdafbcc4f544da38c67da39a,2,2,117.8,58.9,5.0,-12.683148148148149
13dd308f81fea30cc670c656b2b46cc3,3,3,117.7,39.233333333333334,5.0,-5.63858024691358
9bade61a92bed55a25d2b67b9f4ed739,2,3,117.68,39.22666666666667,2.3333333333333335,-17.262615740740742
bca9230d3bbb4efa51872bf605a2f1ad,5,5,117.57,23.514,4.0,-4.2200601851851856
93bef6edaa84956e8e575016449b6351,1,1,115.0,115.0,5.0,-20.164965277777778
9bf11dfc0bec77e5a23028043c3c5a8f,1,1,115.0,115.0,1.0,12.486446759259259
781a66c0d89e30814d49fe8b5e14cd07,1,1,115.0,115.0,1.0,10.651435185185186
8c351ed7c326c62123318f4f3246e906,2,2,114.9,57.45,5.0,-13.724265046296296
039b29ff3b3473435d0cd59040575de9,9,9,114.9,12.766666666666667,4.444444444444445,-9.961698816872428
296729ffb9b684050dd24836dac4494a,2,2,114.0,57.0,5.0,-12.103043981481482
cd52a8efd71af3336b14b5039b951cc1,2,2,111.8,55.9,3.0,-7.80677662037037
4c4d546adf3c3868fe19c9ec6e9ffda9,2,3,111.7,37.233333333333334,3.6666666666666665,-15.781496913580247
818d28f936e791926d33bcb6ee94ef79,4,4,111.6,27.9,4.0,-20.353579282407406
28d162ab86bb49d719c32f0ee6186eaa,1,1,109.99,109.99,4.0,-11.180289351851853
e732329483fd5f27367dd997b47f598a,1,1,109.9,109.9,5.0,-13.202777777777778
2c9005d8043aff18b8557ffb7b13cda4,1,1,109.9,109.9,5.0,-7.2723148148148145
4be9ae93c4fc0f41713d71a4194ee1b3,1,1,109.9,109.9,5.0,-6.1844675925925925
db7ed69a53aa9fb1c01930ba54a88bbe,1,1,109.0,109.0,5.0,-8.258472222222222
7bb8fac2913a6064ec412e583c6d8b4d,1,1,109.0,109.0,5.0,-22.53439814814815
4cc43a222a0f94910728b62b97a8c5f8,1,1,108.5,108.5,3.0,-11.262488425925925
bb3dca718920a4d7ec3cc9ffb025108b,2,3,108.0,36.0,2.3333333333333335,-37.730613425925924
e88165a185134e13fdfc85d4fa654db8,2,2,108.0,54.0,3.0,0.7872280092592593
941554c5757b73ba0e50aa7732310afc,3,4,107.69,26.9225,4.5,-22.984210069444444
c26ba52cf8d2f34915f2f6b7ffa0a3f3,3,3,107.47,35.82333333333333,5.0,-13.386462191358024
44717f64ec2a457979cf83c429077666,2,3,107.0,35.666666666666664,5.0,-19.239525462962963
077c5fae4bea9500e3737b16f71b9d3a,4,6,106.8,17.8,4.666666666666667,-9.081753472222223
a69aa24cec11168e7e39a3fbc727e925,3,3,105.97,35.32333333333333,5.0,-8.887060185185184
271b8923c6a549e02d3c9fd1f8c0422b,1,1,105.19,105.19,4.0,4.994236111111111
3d2400ac620cffa23ac81bd192f7f555,1,1,105.0,105.0,5.0,-0.08052083333333333
3bb32fedaa74e4ad20f4ce067733bd31,2,3,103.7,34.56666666666667,4.666666666666667,-9.849000771604938
62de60d81c55c29d76a6bce418b31cef,1,1,103.0,103.0,4.0,-1.9939699074074073
461ff5303b6c9c1a4a07f40c5aece516,3,3,102.7,34.233333333333334,3.6666666666666665,-15.08951388888889
ab91571efab27993ff2f6b36e38055c3,3,4,102.24,25.56,4.75,-2.5711545138888887
160851d3ece7aa1a510f8d1a4bb8a8af,2,2,102.05,51.025,5.0,-12.362459490740742
be67f78487e2cecb0d55bc769709e4f5,1,1,102.0,102.0,5.0,-16.252534722222222
96e5dc09087bad639b4ee193104ec2e5,2,2,101.9,50.95,4.5,-7.678518518518518
4fae87d32467e18eb46e4a76a0a0b9ce,1,1,100.9,100.9,5.0,-11.28636574074074
a4fc6eadaff1576af888509a53420f6a,1,1,100.86,100.86,3.0,-5.253831018518518
011b0eaba87386a2ae96a7d32bb531d1,1,2,99.98,49.99,4.0,-29.522291666666668
80cfd480be3eb6d6267139f5cb793555,1,1,99.9,99.9,4.0,-26.305393518518517
79b93a308a97792cf53ac75f46da00b5,1,1,99.9,99.9,5.0,-2.063298611111111
2d20f1cd18725c91147da0791d498022,1,1,99.8,99.8,5.0,-7.45855324074074
26562f211dd1364af2a8596dc945e8ae,2,2,99.0,49.5,5.0,-4.166134259259259
a7c53f6b3b61adbdaa99dda97e8cbd56,1,1,99.0,99.0,4.0,-9.308217592592593
247587846358bb1d2e4c6522020b36fe,1,1,99.0,99.0,5.0,-12.269097222222221
aa8af66c623d7d544dfe4bb85b5ebe3b,1,1,99.0,99.0,5.0,-17.172303240740742
1fbe10c70e30765ed1de86d9f7e98409,2,6,98.75,16.458333333333332,1.5,-6.148929398148148
5f57db27027655e6c6a391601daa0258,1,1,98.0,98.0,5.0,-7.180821759259259
eaaa46e98c9e61f6764dd1d7a2ab8b3e,1,1,98.0,98.0,5.0,-11.313993055555555
4e42581f08e8cfc7c090f930bac4552a,1,2,98.0,49.0,1.0,12.860358796296296
00ab3eff1b5192e5f1a63bcecfee11c8,1,1,98.0,98.0,5.0,-9.461099537037038
1c742ac33582852aaf3bcfbf5893abcf,1,1,97.9,97.9,5.0,-19.310625
74c7dec0a384d8a05950e629bd23bde9,4,4,97.78,24.445,4.25,-8.390159143518519
c7bb64409aa480bb7d0335faaaf3d242,4,4,97.6,24.4,2.25,-16.950931712962962
70126eecc6aa1274392a1743866e9678,3,3,97.4,32.46666666666667,5.0,-11.470173611111111
782f78b632a43875dd5b53e3e49c9564,1,2,97.34,48.67,5.0,-13.412719907407407
270572bb714b00531be85e16e1550f26,1,1,96.99,96.99,5.0,-15.033252314814815
034b9387752bfa309f350a70cd45ffa3,8,8,96.0,12.0,4.5,-14.651976273148149
f43827dd686be3a4a80e00aa299990fb,1,2,95.54,47.77,2.0,-13.185358796296295
623ad9d0c1e14bb5464a8c72bff7b4af,1,1,95.0,95.0,4.0,-0.07043981481481482
22a23e5ac7061fc538cc2a019afaaf16,1,1,95.0,95.0,3.0,-15.512268518518518
74a9b9bddf14ece02beb81f52c41a88d,2,2,95.0,47.5,3.5,-12.131886574074073
253c025bab43881055aeecde5e2d8b77,2,2,94.82,47.41,4.5,-6.271886574074074
43b2c864251aa0ce4030c746984e088a,2,2,94.8,47.4,3.0,-8.292193287037037
443d880f15cbd3572885e1d44bf2c478,1,2,94.8,47.4,2.0,-13.201458333333333
7a704e63bb29c446869efde5d57524c8,1,1,94.49,94.49,5.0,-18.889918981481483
6235903333ba7de1928c869e268e5964,1,1,94.06,94.06,5.0,-16.262013888888887
376d67b61dce0c990155286e7ae486a4,1,1,94.0,94.0,4.0,-4.007916666666667
2aafae69bf4c41fbd94053d9413e87ee,2,2,94.0,47.0,4.5,-26.937280092592594
5305693ffae2d3463377b1f6fe67b15a,1,1,93.56,93.56,5.0,-8.185578703703703
6b2612338467c08c9b25f0cc55b1578d,1,1,92.9,92.9,4.0,-21.57960648148148
01266d4c46afa519678d16a8b683d325,3,3,90.25,30.083333333333332,5.0,-8.601331018518518
f8f35af4634605e6693c17cc3ffff5a8,1,1,90.0,90.0,5.0,-13.10633101851852
52b53f7061969fe471d119b6195da864,1,1,90.0,90.0,5.0,-7.114537037037037
1cbcd2ee0afb3fc09963b87eb65e7e4f,1,3,90.0,30.0,5.0,-12.212650462962962
d7d517afce974cd491b8d52bb5b5b1fc,1,1,89.99,89.99,4.0,-22.355173611111113
6d04126aba80df143fd038e711b8fd96,1,1,89.99,89.99,1.0,16.696944444444444
8dd386be0767c330276ea6a3f96532d3,1,2,89.98,44.99,5.0,-8.821863425925926
741f8c587cb4248ebc5b779a0e8e0e51,5,5,89.95,17.99,4.0,-7.058583333333333
2bdb95a56a36ebbc6640337ac5eac174,1,1,89.9,89.9,5.0,-33.22650462962963
4aba6a02a788d3ec81c03137144d9a80,1,1,89.9,89.9,5.0,-10.18832175925926
97e50a621f8e801f4baf69e08687c192,1,1,89.9,89.9,5.0,-4.271516203703704
154bdf805377afea75a3bd158e9eab10,1,1,89.9,89.9,1.0,2.700451388888889
a72f15980dc3e9bfd1a49ac9b2f3af65,1,1,89.9,89.9,4.0,-13.178680555555555
889009a0ed0bb52c87819941192931b8,1,1,89.9,89.9,4.0,-23.292743055555555
b8d890108a7a80e4f5d59eea9f362438,2,3,89.7,29.9,3.3333333333333335,-2.521550925925926
5741dc2bf5044c34d0698681c5081bed,3,3,89.7,29.9,5.0,-7.712758487654321
6624bc09786f0e41ae48dfc5eeb1a9e2,1,1,89.54,89.54,5.0,-33.26133101851852
b3809b8d4394588a47c8470ea331e135,1,1,89.0,89.0,4.0,-7.1260763888888885
499185655c29ecfdbfe776ef7cf875b5,1,1,89.0,89.0,4.0,-33.31337962962963
da2782c804606d2a5d8e1760dbb3e7ec,1,1,89.0,89.0,1.0,13.811111111111112
65c255b299faf2d12050937cc219c46c,2,2,88.2,44.1,4.5,-11.834837962962963
466222e777149751370e7e98fb623b0c,1,1,87.9,87.9,5.0,-8.202314814814814
dd264199fc8b687ad029de7de6d760e6,1,1,87.9,87.9,5.0,-10.427824074074074
9cea4682e16655f7da87f406902e989e,4,9,87.76,9.751111111111111,2.3333333333333335,-22.080645576131687
2fa13c8bd5705d279f7ed5cc9ec61c68,2,4,87.4,21.85,5.0,-9.378723958333333
4fe2f67634d00c021aa01f96b6f2d68e,2,2,86.8,43.4,5.0,-20.172366898148148
60da8bfa7eebe230b7d66ac4082d79b3,3,3,86.6,28.866666666666667,4.333333333333333,-7.562827932098766
b86a47b3366e3b5424a7b225781f4908,1,1,86.5,86.5,3.0,-13.322743055555556
00d8b143d12632bad99c0ad66ad52825,1,1,86.0,86.0,5.0,-21.296087962962964
a2b911e9ad40dc7d61c142a4683e2d85,1,1,85.9,85.9,5.0,-15.477592592592593
5566627eab3fe93fd6ee08798226101a,5,5,85.5,17.1,4.4,-16.563442129629628
2b5ed0c9139dae8883a200dfcb272ece,4,4,85.41,21.3525,4.25,-4.531976273148148
b5dd7151a92ccaaa282cbe9681a05f44,1,1,85.0,85.0,5.0,-5.139826388888889
cb5ff1b9715e99589f3e0c7a6afab9e3,4,4,85.0,21.25,4.0,-11.581912615740741
0dfbed20065e425d2eaefb101f9816c0,3,3,84.35,28.116666666666667,2.6666666666666665,-1.3014891975308642
dedcab67899479e4ea5dcc4eba47f587,2,2,84.0,42.0,4.5,-4.101707175925926
324583d68897f5ddbaf38f6248322176,2,3,84.0,28.0,1.0,3.886369598765432
f5b84683a9bf9e1df748cf40f601b39c,1,1,83.9,83.9,5.0,-45.36868055555556
11d4c477d09821164bca4f70a2eae031,3,4,83.04,20.76,5.0,-11.747112268518519
a56a8043ebf66e42119618fb8cf232c6,1,1,83.0,83.0,5.0,-8.238402777777777
ba8e85df286308fe68a2ce83a8f8b2d6,1,1,80.9,80.9,5.0,-20.222939814814815
52454f90d4c30c016768db02f88c1a74,3,5,80.5,16.1,3.6,-6.644002314814815
1a8e2d9c38b84a9702ac7922924b0573,1,1,80.0,80.0,5.0,-14.947430555555556
c0f3eea2e14555b6faeea3dd58c1b1c3,1,1,79.99,79.99,5.0,-15.314710648148148
8b11118053756a9a2932f447e11fc1b5,1,1,79.99,79.99,3.0,-40.15012731481482
a45765f8afb1e594b22bf9e974b46765,1,1,79.99,79.99,4.0,-13.420763888888889
e09887ca8c7bf8a4621ce481820414ef,2,3,79.97,26.656666666666666,3.6666666666666665,25.10408950617284
ca5832c6960267b71041f74bb39e8b12,1,1,79.9,79.9,1.0,14.877280092592592
b5b800c4065bebf4d3442311c9857344,1,1,79.9,79.9,5.0,-2.023912037037037
dcb7367a92f5ffb89f1e2152ed260285,1,1,79.9,79.9,5.0,-13.223263888888889
cd233f8bfa30ebfd651f47ee7d054951,1,1,79.9,79.9,5.0,-19.18570601851852
9fbd5666d8618fa571c4230fafa09bd6,1,1,79.9,79.9,5.0,-5.096400462962963
0f519b0d2e5eb2227c93dd25038bfc01,1,1,79.9,79.9,5.0,-39.22060185185185
e5bd51692380fd8cabb19b756b95e714,2,2,79.8,39.9,3.0,6.164635416666667
aa17b35ce4de7b565be3249ba838944f,2,2,79.8,39.9,4.5,-8.81162037037037
a7b7354cc588f7566a848bcbb1ce3d96,2,2,79.8,39.9,4.0,-6.342800925925926
918f6fbcf3ab724d805867303e593a1b,2,3,79.7,26.566666666666666,4.333333333333333,-15.021172839506173
519a7aa428f18d125a283cf8c014fdd6,3,3,79.7,26.566666666666666,4.0,-15.142986111111112
c8665a4dd081a2c436b1cd921079d0d9,1,1,79.39,79.39,5.0,-23.22318287037037
babcc0ab201e4c60188427cae51a5b8b,1,1,79.0,79.0,5.0,-10.370173611111111
166e8f1381e09651983c38b1f6f91c11,2,2,78.8,39.4,5.0,-7.722372685185185
8132b9bd16876e1b0f8808d43825dd48,1,1,77.9,77.9,5.0,-15.424479166666666
739c7d7be81f63812dea0d1b1451c651,2,2,77.5,38.75,4.0,-23.35144675925926
ec2e006556300a79a5a91e4876ab3a56,2,6,77.4,12.9,1.5,1.5947395833333333
5de1c80811ce7007f62f00d971236c09,2,2,76.8,38.4,5.0,-13.685260416666667
3e51f9cbe317bc3a88f2c76583811ee4,1,1,76.09,76.09,5.0,-5.113287037037037
497709c2976a8fa308730a2dec5b0726,1,2,76.0,38.0,5.0,-1.2449652777777778
6dd7dce75cd55c1ce255dc38d9f0cd46,1,1,75.0,75.0,4.0,-19.157465277777778
43a5d4a57af536fddc96d08be3afdfcb,1,1,75.0,75.0,1.0,-17.343344907407406
ec21206b7894c503788a684a7bc822a6,1,1,75.0,75.0,3.0,-19.035162037037036
47f55702f598c7c6cc8458b0fbc1c49a,1,1,75.0,75.0,5.0,-10.292858796296297
a1bea9970d8f65b240555f99c2214f7f,1,1,75.0,75.0,3.0,-12.009479166666667
d52cbce9845184537284a23c3bc3da0e,2,4,75.0,18.75,5.0,-20.696006944444445
05aebce0b5c8f0d41b29b686f2d05fd3,2,2,74.99,37.495,5.0,-1.8186689814814814
9c3a1c416c765687bc79a04113269929,1,1,74.9,74.9,1.0,-10.949409722222223
6187a137b2af59dfdbad8d9f8c373c14,2,2,74.8,37.4,3.0,-10.788721064814816
a90a5da8b09e44264a177c0374a5ac87,3,3,74.7,24.9,4.333333333333333,-16.485586419753087
d8d9567d0bfb0bc7eb845a205ba42657,4,4,74.6,18.65,3.5,-2.5261313657407407
164a5a8794e6d42e14f55e447b12a3bc,1,1,73.99,73.99,5.0,-18.11684027777778
a7d0f8dd44f57ef6de7f7f02e3d82630,2,2,73.79,36.895,4.5,-10.194091435185186
204b4e07bddef3c9b317f70189135b22,1,1,73.4,73.4,5.0,-10.083055555555555
d4d99b60c4c94cd35acd502cec65dc8d,1,1,72.9,72.9,3.0,-34.408483796296295
e5c84227854980f1db19a58958c551d9,4,4,72.81,18.2025,4.75,-9.778191550925927
8f0fbe2cd4d472157dc1cdef6edecaa9,2,2,71.88,35.94,3.0,-10.66578125
028872bfa080090a9d0abd4f1af168f8,1,3,70.5,23.5,5.0,-14.136261574074075
4003520d80d0bad1d5623f7aa3c63cda,1,1,70.0,70.0,1.0,-4.05230324074074
bbf4a892cac7b82422baa711dffb8997,1,1,70.0,70.0,5.0,-28.51152777777778
e4f121bf6ef8b9a1d4d3e65dd0473fab,2,2,70.0,35.0,3.0,-1.532471064814815
f90f77ef2799a27f80d90c425ca944f7,1,1,70.0,70.0,5.0,-19.24773148148148
a89e143d5211473ae18db9577ee34b64,1,1,70.0,70.0,5.0,-6.282037037037037
0a198e95d32b1be2da9424c962a6ebfa,1,1,69.99,69.99,5.0,-3.4454050925925928
fe9d9cf8631285d5982c6e2cf27fb114,1,1,69.9,69.9,4.0,-13.181296296296296
f3511c85f59f8dec53d140501ee8e7a8,1,1,69.9,69.9,5.0,-9.247685185185185
b5d034ac251546e25afe9067f05c1539,1,1,69.9,69.9,5.0,-18.192465277777778
d598f929fc44e1e38678e7f47250ec04,1,1,69.9,69.9,5.0,-22.31761574074074
d6cd01c59123df02fc226eadbadb5f89,1,1,69.9,69.9,5.0,-9.533483796296297
4e92348462c75b6c842b994ce84a0ed4,1,1,69.9,69.9,5.0,-18.231689814814814
d9b00a97818674c7f8d8b1ef0e689679,1,1,69.9,69.9,3.0,-4.153726851851852
5587130f9850696ed7fafbc91c2cee44,2,2,69.8,34.9,5.0,-9.890925925925925
17998cf586426bf0f2c3726cb0a4b211,2,2,69.8,34.9,4.0,-21.735364583333332
8cb7c5ddf41f4d506eba76e9a4702a25,1,1,69.0,69.0,5.0,-11.033564814814815
bbd3acfe6de99892e73940d3fdceaf68,2,2,69.0,34.5,3.0,-7.150225694444445
edb65fe661681b1c0de8bd47c8655855,1,1,69.0,69.0,3.0,-6.3596875
723a46b89fd5c3ed78ccdf039e33ac63,1,1,66.64,66.64,4.0,-29.038229166666667
a5ff20ff766e7f50bd5066f33da14413,2,4,66.59,16.6475,3.0,-26.11589699074074
c6381b1321d7d97717a5bb4ed5b77882,2,3,66.0,22.0,3.6666666666666665,-7.27221450617284
d58d521f3789def2e7a22715e0badd93,2,2,65.98,32.99,3.5,-8.17546875
c32fc744b9160ac853450488e3cfea93,2,2,65.8,32.9,3.0,-12.208125
76623fde66e6b63b59440fd34160512d,3,3,65.4,21.8,4.0,-12.632060185185185
d4a5e99e0dd915df64ba55a7fbd583fd,2,6,65.15,10.858333333333333,1.6666666666666667,-12.787042824074074
52831e5990d0771cb4951d6f12928167,1,1,65.0,65.0,3.0,-9.204918981481482
447d377bdb757058acb569025ee18a93,1,1,64.99,64.99,5.0,-13.21351851851852
933446e9a59dece7ae9175103820ca8f,1,1,64.99,64.99,5.0,-65.32210648148148
c8771b1a10bb99bb34d3c459c5cffb53,1,1,64.9,64.9,5.0,-15.507048611111111
391bbd13b6452244774beff1824006ed,1,1,63.9,63.9,1.0,24.027685185185184
b452cb0ae35044c4a53179c39f49fb06,2,2,63.7,31.85,4.0,-8.141857638888888
9e94fa26a70ede4d26226e918e8706a2,1,1,62.8,62.8,5.0,-7.22619212962963
f0ec78809fe0bc3edb11c9fe5b97b059,2,2,62.6,31.3,4.0,-9.11907986111111
2cb98e27ce1c18abdb42209b34c382a7,1,1,62.49,62.49,4.0,-15.33082175925926
6a3139c7bf09ece22a4713d956acbe5e,1,1,61.9,61.9,5.0,-12.218449074074075
f7c31656c19db6275a8acadca289f426,1,1,61.56,61.56,3.0,-8.14175925925926
b3e2faf2c1004d674f16a3aa3197f0e1,3,3,61.47,20.49,5.0,-13.227947530864197
1d0646a72178a6fb37ee8082140e06ec,2,2,61.0,30.5,5.0,-6.654791666666667
7963e546f34e098b578f9ad102494601,1,1,60.99,60.99,5.0,-7.089247685185185
be7a093e5b4d147b36b72bb1f9e415e5,1,1,60.9,60.9,5.0,-21.223229166666666
83f2b4881141ce3fcd4e985125d3279e,3,3,60.7,20.233333333333334,5.0,-2.496261574074074
9ac75591b69c3402684b6ce0310f22ee,1,1,60.5,60.5,5.0,0.9082060185185186
24a6daf925d9d591870a66660416de31,2,2,60.0,30.0,4.5,-11.250729166666666
7c462184585ae80bd6e5774c62ce50f2,1,2,60.0,30.0,3.0,8.568425925925926
85e7c62c1d6ea078c3897424f867a7c8,2,2,60.0,30.0,4.5,-19.887552083333333
3e46a38ee171c503c3b4a3f23fe3bf0c,1,1,59.9,59.9,5.0,-8.259328703703703
9ef932e837d8b7f392c0bfee9d359dc2,1,1,59.9,59.9,3.0,9.004814814814814
c240c4061717ac1806ae6ee72be3533b,1,1,59.9,59.9,4.0,-14.206655092592593
6ebf4eceee4dd9847201c82e77ef8123,1,1,59.9,59.9,5.0,-4.00931712962963
8fb67a334bacec338885b4e9e1708073,1,1,59.9,59.9,5.0,-10.245578703703703
75fdd0a732287f9497b179f6bd445d32,1,1,59.9,59.9,5.0,-17.102847222222223
0ee4fb99ac55ffbbc98795aa01b7f8fa,1,1,59.9,59.9,5.0,-14.679085648148147
528ce32f560edd11add4169f6a5b65be,2,2,59.8,29.9,5.0,-10.92101273148148
3da38366e7bd9baf6369071f782ecdf0,1,1,59.47,59.47,1.0,6.915891203703704
63704069d9bd3a75c1cf59babe56004a,1,1,59.3,59.3,1.0,7.776087962962963
db1f0f7c7e5e87f40b62226f020bb297,3,3,59.01,19.67,4.666666666666667,-32.38476466049383
2f1e7b90e01d9f086cbcb301c0c3d406,1,1,59.0,59.0,5.0,-9.92894675925926
0af2ab31141893d26aca5a404a537dab,1,1,59.0,59.0,5.0,-5.24761574074074
dd5450b022b2d00a2145a66331e1aef6,1,1,59.0,59.0,5.0,-31.30633101851852
1d953075c2f0dd990bacf27b83b330f1,1,1,59.0,59.0,5.0,-23.23414351851852
37303482a42fb700d8d127e70a9cd6c8,1,1,58.9,58.9,5.0,-14.328217592592592
d180e07dc1e58c31c3f0cd599dc4d945,1,1,58.8,58.8,3.0,-15.413298611111111
8fff28c4263ddec387f28d237fb42773,2,4,58.6,14.65,5.0,-4.48451099537037
cecd97bc34ed8330bd4cd15713eda670,1,1,57.99,57.99,1.0,-8.146608796296297
cac4e0bc1a3269fa2b6ea5e763f6115b,2,3,57.88,19.293333333333333,5.0,-10.787638888888889
48e5ee06fb2dc74df1c711a9b6dfac2a,1,3,57.0,19.0,5.0,-19.18145833333333
ac9b01377919cdbd2a1bbb8d5837c70b,1,1,55.9,55.9,3.0,-29.41528935185185
3e35a8bb43569389d3cebef0ce820f69,1,2,55.8,27.9,5.0,-9.257881944444444
ebe3dabc4955c9b0d695e7bda38bf5c3,1,1,55.0,55.0,3.0,4.092789351851852
d85efbc8eff2b7adf524e2820569adc8,1,1,55.0,55.0,5.0,-8.10226851851852
0b1ca3ef18a63d7eb0c8897fa0849c08,1,1,55.0,55.0,5.0,-5.282650462962963
c7246702dc991a06d788120dc7544391,1,1,54.86,54.86,5.0,-3.0649305555555557
26f6b7ab07be3e9e69ce82a6552efc19,2,2,54.8,27.4,3.0,-2.1773842592592594
c13fb473e7cb8b83ccd543c094df0608,2,2,54.8,27.4,3.5,-20.04763310185185
d297f1055de2956aedfd3b04113dce3e,1,1,54.3,54.3,4.0,-3.2767013888888887
720e6cf846ea7572cbb66b743fb91e6c,1,1,54.0,54.0,5.0,-6.337164351851852
c1552b1dab6e6f760950368ae61fb600,2,2,53.8,26.9,2.5,-0.40400462962962963
a2a41aedb70551d4a85aa04dc2fced48,2,2,52.79,26.395,4.0,-13.619056712962964
392f7f2c797e4dc077e4311bde2ab8ce,2,2,52.0,26.0,5.0,-7.037714120370371
84c945f15571830c1a91a33978e94009,2,2,51.98,25.99,4.5,-14.884733796296297
258447aad3f7b01e2643c89f64dc5647,1,1,51.9,51.9,5.0,-11.231215277777778
07e8e8fc5222bb358e6f259da3197074,2,2,51.8,25.9,4.0,-5.7645486111111115
e9e446d01bd10a97a8ffcfc4a3a20cb2,3,3,51.15,17.05,4.333333333333333,-7.5995486111111115
eaf6d55068dea77334e8477d3878d89e,3,3,51.0,17.0,5.0,-10.215841049382716
535bf14f36346c7f59d87cece104d70c,1,1,50.0,50.0,4.0,0.6958333333333333
d4f91e8be86b38da2ee35bc489645a9d,1,1,49.99,49.99,5.0,-35.36194444444445
8cf21434553b02cbd37c0bbd07e041b0,1,1,49.99,49.99,4.0,-14.15105324074074
217f005bb37ff3aeef5b2ae1788e75ba,2,2,49.98,24.99,4.5,-8.935538194444444
9140ef75cc8211c4035935e80e567204,1,1,49.9,49.9,5.0,-13.030023148148148
58e4b302b54937e55a678c4d15111da4,1,1,49.9,49.9,5.0,-47.37630787037037
fe19dce63ae80346207c6c55713d1023,1,1,49.9,49.9,5.0,-21.34636574074074
2c2c9832d1bb38c5b0034a3b47d313ee,1,1,49.9,49.9,3.0,-13.459143518518518
3ded4e2d5f135cb103e5949d7263d2dd,1,1,49.9,49.9,5.0,-16.199895833333333
7b3447b497e55af8c15fc7bd89d7b81a,1,1,49.9,49.9,5.0,-12.07638888888889
7315baebc0572ff220d226283dc66728,2,2,49.85,24.925,4.0,-11.925410879629629
2c00c85d30361cd2ced2969cffbbffa3,1,1,49.8,49.8,5.0,-7.314872685185185
1b61fb1f0f2185d89e9a126c498e9cc7,1,1,49.7,49.7,5.0,-13.338900462962963
42d4b7e70819438f5ada61c965e92d7e,1,3,49.6,16.533333333333335,1.0,-1.472210648148148
e0487761face83d64fcada2408959a36,2,2,49.25,24.625,4.5,-2.7509027777777777
1f7dfad2cb384ea4d2d7e1ffbd78c407,1,1,49.0,49.0,1.0,-3.085150462962963
c963a25b8671419c6ce9eebe8fd03218,1,1,49.0,49.0,5.0,-14.084467592592592
2ef086a599b597572aca4433b7ed6b3d,1,1,49.0,49.0,5.0,-14.445185185185185
d63f306de130e0391d38a792541723b8,1,1,49.0,49.0,5.0,-3.2182291666666667
ce33c6211beaa8fef4cae8b52db39862,1,1,49.0,49.0,3.0,-10.605543981481482
29c322e3f09f886f8bacbe91dfbd979e,1,2,48.98,24.49,5.0,-19.433483796296297
417a1e6c7321084d2a0ae0d023cfad93,1,1,48.9,48.9,5.0,-16.41840277777778
2e2f44824ab87a0cb961f68bf4073e7f,1,1,48.0,48.0,2.0,-9.162106481481482
a3fa18b3f688ec0fca3eb8bfcbd2d5b3,1,2,47.8,23.9,5.0,-2.3071064814814815
513a54369b6a8a6602fcb0e129c6d78d,2,2,47.8,23.9,4.5,-4.67035300925926
9d213f303afae4983637247556438ede,2,3,47.7,15.9,5.0,-11.582484567901234
ae9690c6e8fee182c28c9ff8e11ca52c,1,1,47.4,47.4,5.0,-46.539467592592594
cad10cc982ab6a391570c211b995c17c,1,1,47.4,47.4,5.0,-13.199884259259258
baf15155e37ef5492731459bdc05be8a,1,1,47.0,47.0,5.0,-8.47585648148148
7494d0dcba8551df6cf37f1b905dc2f7,1,1,45.9,45.9,3.0,-14.003692129629629
51e0557bc7b86de13e946c60ee91ce39,1,1,45.8,45.8,5.0,-8.508263888888889
8629a7efec1aab257e58cda559f03ba7,1,1,45.22,45.22,1.0,33.807858796296294
70ee69419916dc13e3aed619061f996c,1,1,45.0,45.0,3.0,-3.1133912037037037
2d8cfba3fcd3170555941605edaa196a,1,1,45.0,45.0,5.0,-13.559097222222222
89dda63a3c907c468ec88c310ed91213,1,1,44.99,44.99,5.0,-5.155752314814815
1f2eebc0e970fd3c463e4f5d9652687a,1,1,44.99,44.99,5.0,5.1224537037037035
5a4236931428800e9d9cc04af0987118,1,3,44.97,14.99,5.0,-12.37732638888889
5415337f1863452476d42d9f14a16a61,1,1,44.9,44.9,3.0,-22.202222222222222
da3fede3469bf49b7293ce3fc45b294d,1,1,44.9,44.9,5.0,-7.002199074074074
e5545d4d4473876ea78c5bcebca365c3,1,1,44.5,44.5,5.0,-15.311944444444444
42fb44130ac3134cde8e35cf8ec7df25,2,2,43.8,21.9,5.0,-13.512986111111111
15b3b1b81484422eb41df68ac87f1f50,1,1,43.35,43.35,1.0,-4.411273148148148
05a48cc8859962767935ab9087417fbb,1,1,42.9,42.9,5.0,-17.21957175925926
4125d9385a25e82d2f72d3a0fd55bc3f,1,1,42.9,42.9,5.0,-3.323287037037037
7f02656561b680def9986c0795a8a080,1,1,42.0,42.0,5.0,-9.269328703703703
749e7cdabbaf72f16677859e27874ba5,1,1,41.9,41.9,1.0,-6.24068287037037
6561d6bf844e464b4019442692b40e02,1,1,41.9,41.9,5.0,-6.17224537037037
3a3c180dd702a725bd0ba4117689239e,1,1,41.9,41.9,4.0,-6.331168981481482
16bdc8cefd0e32a6f0824d296c5ad14a,1,1,41.76,41.76,5.0,-11.33420138888889
a213f1bd6458f4a158f3746cb2514559,1,1,41.52,41.52,5.0,-25.97332175925926
9b1f656ca3060f8af17a50d8a024b533,2,2,41.0,20.5,5.0,-5.94769675925926
c2bda99904207edd1834f03e0022b007,1,1,39.9,39.9,4.0,-6.185451388888889
fedaedd3ca31d56ab33e92035e4b361c,1,1,39.9,39.9,4.0,-43.54137731481482
df683dfda87bf71ac3fc63063fba369d,1,1,39.9,39.9,1.0,167.70841435185184
4e2627090e6e5b9fabba883a37897683,1,1,39.9,39.9,,-13.121689814814815
d4828feed4cda2cd9d6b37899a95a71e,1,1,39.9,39.9,2.0,-22.469675925925927
edb58a1390adf273840030a3d6253829,1,1,39.9,39.9,5.0,-11.027199074074074
389e45560e33d2d0747f949dcddbc08e,1,1,39.0,39.0,5.0,-6.134884259259259
c74f14c1e26cf1bd5bd34b6a1e274426,1,1,39.0,39.0,5.0,-25.97372685185185
e595809a6c31ec4314fd06ef198c244d,1,1,39.0,39.0,5.0,-12.012407407407407
9558aa23f77a9e0a0eca83540999f43b,1,1,39.0,39.0,5.0,-1.6480787037037037
0936e1837d0c79253456bbb2ffaaef10,1,2,38.9,19.45,5.0,-11.709918981481481
2eeb6531ee027a48d401e72bebdd87d3,3,3,38.7,12.9,4.333333333333333,-26.66119984567901
d7ab82074b5f1dfba46db123df101bff,2,3,38.67,12.89,4.333333333333333,-21.98340663580247
e72b4feb7abe210c52aa667abc25a3a2,1,2,38.2,19.1,5.0,-12.354907407407408
9200e6ce317b67196b6b0bad4d4bd567,1,1,36.9,36.9,3.0,-7.265127314814815
1d139e3a3b14025640d8df1b230aace0,2,2,36.49,18.245,3.5,-19.69909722222222
c161d1327ebc3a156c09582ab2f59f6c,2,2,35.99,17.995,4.0,-10.340341435185184
630008e0f062605a415d694489f6f82e,1,1,35.35,35.35,5.0,-6.21449074074074
3a52d63a8f9daf5a28f3626d7eb9bd28,1,1,35.0,35.0,1.0,-40.297349537037036
c716e0b86ed568878475b60fbb6323ad,1,1,35.0,35.0,5.0,-8.9753125
baeda7047354773262ba2405f97038ba,1,1,35.0,35.0,5.0,-8.190833333333334
5cf1ec37aea089f45110c70653a166ab,2,2,35.0,17.5,5.0,-8.443744212962963
cb162c8eef257253782d245c08d9097c,1,1,34.99,34.99,5.0,-7.498101851851852
84deb808079d1be601c209c1e771b1cc,2,2,34.93,17.465,5.0,-10.781035879629629
c0e6839516f5398edc34adf5f1d53d1a,1,1,34.92,34.92,5.0,-17.440439814814816
5a32c398a06c345440bf2a683b017ad3,1,1,34.9,34.9,5.0,-6.135451388888889
41958cbd3335433c8740300e8cd600d5,1,1,32.99,32.99,5.0,-10.350046296296297
539ed9e19811677513447759be5eccfc,2,2,32.83,16.415,3.0,-15.294010416666667
7d81e74a4755b552267cd5e081563028,1,1,32.5,32.5,4.0,-5.226967592592593
eb4a59a06b3948e851a7d7a830bcbc42,1,1,32.0,32.0,5.0,-9.175243055555555
fdf736c18c589ed030e058312203e1b2,1,1,30.0,30.0,5.0,-2.0038078703703706
d7f1cfc638473be93baedbfd02208016,1,1,30.0,30.0,5.0,-9.282199074074073
32f83ffe11cd40f7adcf4eef171f52d9,1,1,29.99,29.99,5.0,-14.86863425925926
9315e491484b1b0081ca166fc164108d,1,1,29.99,29.99,3.0,-23.10800925925926
87b4428a334b8f676fd9a7f3bf544fb5,1,1,29.99,29.99,5.0,-23.26480324074074
139157dd4daa45c25b0807ffff348363,1,1,29.9,29.9,4.0,-12.320752314814815
455f46ef09a9e45667e2981df84b5cc2,1,1,29.9,29.9,4.0,-1.087060185185185
a09a13f18ed27932d08438aa6f12756e,1,1,29.9,29.9,3.0,-22.27857638888889
28a26ebce31d5918b181ede016fd693b,1,1,29.9,29.9,5.0,-9.265405092592593
c43d924a0f1688ee9fae0efcd6f539d4,1,1,29.9,29.9,4.0,-31.503657407407406
c97aa4ee7420f937da13b7f9e2228b99,1,1,29.9,29.9,1.0,-27.326655092592592
3aa3c89ae3cd482385568be76120f63c,1,1,29.9,29.9,4.0,-7.22650462962963
436bf27f2f18474fc6047702e9f8a866,1,1,29.9,29.9,5.0,-9.293888888888889
c0e0b73d039eb9a99b6ce4cb7a429cd3,1,1,29.88,29.88,5.0,-12.351886574074074
0336182e1b3e92f029d5354832045fdf,1,2,29.8,14.9,2.0,-41.140590277777775
7b3f6ce5c6c22e9b96e7581ebf0df6e1,1,1,29.8,29.8,3.0,-14.255243055555555
9996ae921c50e8dff411ac69c0b4bb8b,2,3,29.7,9.9,2.3333333333333335,-4.704043209876543
72c73be2b085b9d57650dd53eb2004c9,1,1,29.4,29.4,5.0,-12.179050925925926
c9d2ba8dde44a275ae06475ed1d2fafc,1,1,28.79,28.79,5.0,-19.559166666666666
999f6d9a1c7c81f43be44c6b7d076210,2,2,28.0,14.0,4.5,-23.06152199074074
8b181ee5518df84f18f4e1a43fe07923,1,1,27.9,27.9,5.0,-21.04945601851852
b026643914f651e8371425e5b8a1e780,1,1,27.9,27.9,5.0,-14.145868055555555
f1fdf2d13186575751aa25876536d85c,1,1,26.3,26.3,5.0,-5.955925925925926
70c0fda4c313d87115644d39e62eec60,1,1,25.99,25.99,5.0,-13.474328703703703
c12d7463a579237ffb9248bd7cff378b,1,1,25.9,25.9,4.0,-41.202581018518515
7cb946b1ad19faebe28c3e86c2794ec3,1,1,25.0,25.0,5.0,-2.9725810185185186
6c9875b2f94ba781186f0c1aed8d1687,2,4,25.0,6.25,5.0,-15.791371527777779
3986c0b54f6b748b75e7bd4e092aa3e5,1,1,24.99,24.99,5.0,-11.04681712962963
38f276ca6e7cc95a6d1bb55ac9e5550f,1,1,24.99,24.99,5.0,-13.043113425925926
1c83418358f249c9d6affa52d579db0e,1,1,24.9,24.9,5.0,-22.522997685185185
33fd411ed63a7c2f9005e3f065d9f85d,1,1,24.9,24.9,4.0,-24.37056712962963
cad9969167c09b48ae6f1d123f7fa68d,1,1,24.0,24.0,5.0,-10.155011574074074
bd43e172d599bed47a85da877172ca8c,1,1,23.92,23.92,5.0,-7.547418981481481
43753b27d77860f1654aa72e251a7878,1,1,23.9,23.9,5.0,-0.15685185185185185
544863df86ed3b78a04e0820d41430ee,1,1,23.9,23.9,5.0,-17.06775462962963
bcd2d7510d58e293f20fad6438c1b314,1,1,23.9,23.9,,4.682222222222222
2c54051840f19eca309a5423cf22df36,2,2,23.7,11.85,4.5,-13.842175925925925
5e063e85d44b0f5c3e6ec3131103a57e,1,1,22.9,22.9,5.0,-6.2855439814814815
bc8c8d665ec4664d286be0d521722b19,1,1,22.5,22.5,2.0,4.66162037037037
eb1bf309f4f6af9a97e9ddac3fdbeabe,1,1,22.3,22.3,5.0,-9.048078703703704
0bb27263628258b8111a0262769fa9db,1,1,22.2,22.2,5.0,-16.593923611111112
34675b28b826facfde119785bf287dc1,1,1,21.99,21.99,4.0,-15.134212962962962
f09b760d23495ac9a7e00d29b769007c,1,1,21.9,21.9,4.0,-10.236365740740741
98f52e1020fe788c10c0418de4393fec,1,1,21.6,21.6,4.0,-12.096423611111112
ed49da7cadefc454d6a67de249eab240,1,1,21.5,21.5,5.0,-45.13997685185185
b77a27b1864483e721dc831d5ba4afa0,1,1,20.9,20.9,5.0,-20.259756944444444
e64ddbe1cbcf4f2fc3092b7c481f3f9d,1,1,20.9,20.9,5.0,-6.987222222222222
e76ecc7e9a1a1e3c6df9d2a8261c423d,1,1,20.0,20.0,5.0,-10.109791666666666
e0b162a693bc7f9eab00f783a31d60ea,1,1,20.0,20.0,5.0,-12.359861111111112
455befea1bb853c75ccbca94cff26e5c,1,1,19.99,19.99,3.0,-37.19980324074074
bb7ad8a45c027be8ab075b8e465f8ca0,2,2,19.98,9.99,5.0,-13.576105324074074
668bf321538e5072858eaef6087ce027,1,1,19.9,19.9,5.0,-9.118229166666667
0b46f784306be7200ca1700aa55d819f,1,1,19.9,19.9,5.0,-14.397592592592593
d93b8458c6fe139d85cfa5eadbf55bd2,1,1,19.9,19.9,5.0,-18.20638888888889
bac44fa8e13424950488659b5f765c41,1,1,19.9,19.9,5.0,-45.343784722222225
698624c6632eeba1774924dbea24c700,1,1,19.9,19.9,5.0,-10.181435185185185
87f3e35268860433e13d577825aada95,1,1,19.9,19.9,,-2.654988425925926
7caa63f175b1cecbfaadd8b5ab9998c7,1,1,19.9,19.9,1.0,-21.13341435185185
bd65d163ded559eb90a10cd09fec178f,1,2,19.8,9.9,4.0,-16.09025462962963
9d69ba0a7a626a64dc5db08e529559cf,1,1,19.3,19.3,5.0,-2.3203009259259257
ab75b89cc49c9ab3160d0c91565a442a,1,1,18.99,18.99,1.0,-23.227141203703702
82921991ff5b557b045605b8bbf08d49,1,1,18.9,18.9,5.0,-12.09962962962963
ce4755084bc097113867e6454f8f5e52,1,1,18.9,18.9,5.0,-10.133657407407407
6c77cd583b36a13aacccf2b3ee23e233,1,1,18.9,18.9,5.0,-11.066886574074074
804287717b9156fb7a787acd9af4fac1,1,1,18.8,18.8,5.0,-26.351412037037036
13e85aac53340018b40c2af68001b7e0,1,1,17.8,17.8,5.0,-34.33631944444444
bee36b4f9a2b9fdcaff6ec05df202ed0,1,1,16.9,16.9,5.0,-12.889861111111111
6bcb2352a2a0c38b845f598298ab9d26,1,1,15.9,15.9,5.0,-13.23355324074074
eae9af4811c294c56795d70e715b7337,1,1,15.9,15.9,5.0,-7.097395833333334
f3862c2188522d89860c38a3ea8b550d,1,1,15.5,15.5,5.0,-7.394664351851852
b2f4d63c7203f539a78252565ca32257,1,1,14.9,14.9,5.0,-10.06480324074074
c3e2398fcc7e581cda2e546557bf6968,1,1,14.9,14.9,5.0,-13.308043981481482
20f0aeea30bc3b8c4420be8ced4226c0,1,1,14.9,14.9,,13.517222222222221
a61cc04793308395a840807104365121,1,1,14.63,14.63,5.0,-9.234652777777777
20d53aad4fe5ee93a64f8839609d3586,1,1,14.5,14.5,1.0,17.70753472222222
5b92bfa4120daa27c574daa2e386c693,1,1,14.0,14.0,3.0,-8.559166666666666
fb503a924a0b9db19d83dd0ac6dbef8c,1,1,13.9,13.9,5.0,-17.41818287037037
6614814a00d344b846ae209f95ee7e3f,1,1,13.0,13.0,1.0,-15.241388888888888
b5f0712d22a873b6797ab6cc65c3fcba,1,1,12.99,12.99,4.0,-3.223148148148148
7ab0dd5487bab2dc835337b244f689fb,1,1,12.5,12.5,5.0,-16.505335648148147
c1d1ebb4745cc43cb6f05e9c8a705c9a,1,1,12.5,12.5,1.0,5.395856481481482
c1dde11f12d05c478f5de2d7319ad3b2,1,1,12.5,12.5,1.0,-8.005775462962964
9e25199f6ef7e7c347120ff175652c3b,1,1,12.5,12.5,4.0,-13.384108796296296
3d62f86afa7c73be2628a3be1423f5a0,2,2,12.0,6.0,4.0,-20.367679398148148
3ac588cd562971392504a9e17130c40b,1,1,11.9,11.9,5.0,-5.030069444444444
cc1f04647be106ba74e62b21f358af25,1,1,11.9,11.9,1.0,-5.170381944444444
f9f68daa2af419d38f745478bcb3da1a,1,1,11.2,11.2,5.0,-26.41306712962963
344223b2a90784f64136a8a5da012e7f,1,1,10.9,10.9,2.0,0.5481018518518519
95cca791657aabeff15a07eb152d7841,1,1,9.99,9.99,5.0,-25.308449074074073
c18309219e789960add0b2255ca4b091,1,1,9.9,9.9,5.0,-8.236585648148148
0f94588695d71662beec8d883ffacf09,1,1,9.0,9.0,5.0,-11.65667824074074
4965a7002cca77301c82d3f91b82e1a9,1,1,8.49,8.49,5.0,-12.329814814814815
ad14615bdd492b01b0d97922e87cb87f,1,1,8.25,8.25,5.0,-13.679641203703703
702835e4b785b67a084280efca355756,1,1,7.6,7.6,5.0,-22.516712962962963
1fa2d3def6adfa70e58c276bb64fe5bb,1,1,6.9,6.9,1.0,-35.20011574074074
77128dec4bec4878c37ab7d6169d6f26,1,1,6.5,6.5,5.0,-6.164027777777778
